ds,y,prediction_5,prediction,prediction_95
2020-09-01,39688.0,30379.66153277415,40811.244082973426,49515.36357333697
2020-09-02,41529.0,28550.16478535305,39714.782912484676,49923.28558106518
2020-09-03,43060.0,30654.749923090414,39923.77587187447,50452.585813023274
2020-09-04,41981.0,33082.74292789291,41558.44867835102,56022.700794665754
2020-09-05,30987.0,34102.90420161106,43364.168484673355,54993.83548561946
2020-09-06,25360.0,28773.46989220326,40368.209040555885,49154.415408493966
2020-09-07,25354.0,23006.661512035385,37080.467637007125,44266.39466814315
2020-09-08,43457.0,21627.734181731597,32421.8680852334,46620.03056681558
2020-09-09,47655.0,24970.13473059305,36244.3378949786,45303.60598113195
2020-09-10,48295.0,32854.612378944854,41558.48348392412,50735.407754108055
2020-09-11,50521.0,35327.094088480575,42425.00601654193,51142.272224900305
2020-09-12,41372.0,35695.59968934768,43883.99665326603,53453.026897081196
2020-09-13,29470.0,34073.15239138976,43829.468784006836,52527.46927303956
2020-09-14,44628.0,30235.374571802906,39904.95251970536,50721.70692611432
2020-09-15,49742.0,37729.18321349429,45561.08515060735,54712.79432090209
2020-09-16,51389.0,36554.06718309936,46919.38431251389,54596.14825416544
2020-09-17,53075.0,35214.00171103843,47708.40154621067,58411.64042813632
2020-09-18,54215.0,42185.37749133135,51047.718390715556,58991.46737391767
2020-09-19,43830.0,38954.439355617935,48258.475022253784,58736.80461753196
2020-09-20,33839.0,36046.52546300462,44810.459857360955,58373.548391108125
2020-09-21,46215.0,36782.774854266696,45627.0269090105,54858.55309511806
2020-09-22,51190.0,40256.96064420198,49729.57273259748,58767.86330832964
2020-09-23,54777.0,41913.076423954255,50788.702789749674,60570.87612498658
2020-09-24,56284.0,42764.35804091113,51921.585874858254,62321.30424569677
2020-09-25,58829.0,44625.63521721975,53607.04615800697,65443.00053565158
2020-09-26,47145.0,40008.02651987514,50375.76678161472,58341.80900325971
2020-09-27,35557.0,36541.03438357995,45087.95828963141,53879.83302044923
2020-09-28,41203.0,40182.646911913645,49677.91842749608,61494.77896221744
2020-09-29,54054.0,42009.09165067015,51649.855493059964,60957.751694564744
2020-09-30,56196.0,43369.4165944764,52235.43135120687,64933.05807249667
2020-10-01,60607.0,45309.8305532547,55143.69005497279,63510.67481076663
2020-10-02,59094.0,46412.816756242675,56383.587365525236,64415.95657298851
2020-10-03,49261.0,42121.28013049754,50530.74058545653,58832.59777544467
2020-10-04,34494.0,34092.91995724783,45142.31541975416,55639.16959821117
2020-10-05,47744.0,38074.07812229963,49680.13566343328,59621.086275264825
2020-10-06,54181.0,46171.36982268886,55392.21194614853,67280.32101328851
2020-10-07,57153.0,47242.372221461614,55286.49147333216,64368.32420086805
2020-10-08,59721.0,48573.980370328965,55633.988832167044,64113.92944523684
2020-10-09,58173.0,44831.20262992423,56921.144320778665,69169.5542242315
2020-10-10,48185.0,43261.467940719536,51366.3606447378,59864.418060347816
2020-10-11,34443.0,35496.88708982556,44689.45883202746,53709.800218908844
2020-10-12,42638.0,37175.84803240413,48969.69595117467,57927.72114357002
2020-10-13,54557.0,44467.72765117404,53886.75204237143,65742.77708373101
2020-10-14,59294.0,45356.915139978606,55240.120223243524,63499.075463574336
2020-10-15,62948.0,49945.782217858825,57379.23786159153,67310.70078324738
2020-10-16,58372.0,50397.67779711728,57768.44579357302,68602.3527412572
2020-10-17,52077.0,40117.145325647216,51411.347655711696,59587.98429563649
2020-10-18,38795.0,32475.968969113263,44817.59289122501,51575.916234743476
2020-10-19,51191.0,41595.2206482461,51212.57613850298,62287.37249769206
2020-10-20,57412.0,47934.36286048054,58261.6758240334,67547.04347459043
2020-10-21,59138.0,49843.98245301634,60436.71872482486,66675.44097632382
2020-10-22,62159.0,51922.62754271762,61668.577183196205,69015.42785676938
2020-10-23,61789.0,49840.64259725683,59734.56785886042,69397.48501152273
2020-10-24,53349.0,41412.11959426245,53216.86937743774,61738.15988131785
2020-10-25,39439.0,35565.851552070104,44393.1512059527,54586.87563579326
2020-10-26,53401.0,42911.627762131255,52082.654913330814,60346.23311389398
2020-10-27,59660.0,51051.54242387574,60297.83939519724,73367.67234448573
2020-10-28,62978.0,52112.03216717889,61787.95902028377,71147.2735049189
2020-10-29,64845.0,54103.67182250019,63852.81938179413,73596.9740836442
2020-10-30,66249.0,56084.543467995194,62480.16147029023,71062.2801215398
2020-10-31,57920.0,45569.580767183834,55310.06638188215,68842.54115666686
2020-11-01,42863.0,37806.01066825362,46728.09765483361,57345.20652796898
2020-11-02,55257.0,44980.32296947561,55690.57399479285,66926.13154815426
2020-11-03,49758.0,52997.262105891314,64576.338964357754,74543.93941862808
2020-11-04,49178.0,52749.87138201173,60510.49523230347,71265.00142100552
2020-11-05,57466.0,48941.01989913001,58963.11974281384,68237.83832859353
2020-11-06,60808.0,48201.03826300861,56120.02797779537,63803.756662847714
2020-11-07,55121.0,40027.195999502306,49849.19922032839,62613.30738590951
2020-11-08,41848.0,31505.575333948545,40391.43519825759,51164.566966895094
2020-11-09,51950.0,42736.23021944019,51519.44090648094,59395.89236357321
2020-11-10,62154.0,48979.624791836824,57863.46768627994,70691.96863567707
2020-11-11,58527.0,47987.044488368985,61345.387349289005,71283.49081822425
2020-11-12,62237.0,54642.540498990384,63693.297008819005,70939.96138528781
2020-11-13,63099.0,54315.98638749341,63228.691201537265,69395.86761867699
2020-11-14,52007.0,44425.32359834594,55801.220876274325,62772.25747645475
2020-11-15,34895.0,33844.60454585088,43146.772171221724,51388.45285928892
2020-11-16,52148.0,44148.30175253613,52292.80489051384,58096.20508933325
2020-11-17,59506.0,48640.20513566858,56731.060936695925,65071.84709171365
2020-11-18,62063.0,50193.21973042588,59023.16880052201,70610.12294264665
2020-11-19,61125.0,55860.19124104376,64553.318942084254,72931.38235192622
2020-11-20,61903.0,53910.6004465673,63758.265913283714,71108.74716769288
2020-11-21,48758.0,45321.64520556562,54196.91985781197,64117.4121326867
2020-11-22,32720.0,29659.427581541404,40753.63116409362,49447.83959115831
2020-11-23,52550.0,39124.38484023889,50617.73811773847,59825.16338684406
2020-11-24,56335.0,46917.17791784539,56707.51192083294,67137.03858408326
2020-11-25,51859.0,48792.21914615724,58973.26195643234,69700.95521928341
2020-11-26,24923.0,49781.426221299436,60419.84381788943,69578.7297251754
2020-11-27,34264.0,37591.109044424404,48561.003890672626,58198.27839666481
2020-11-28,35806.0,24576.32080086577,34841.73014446955,42492.04297307118
2020-11-29,31811.0,10692.91981934216,23554.935929819512,33738.7717156164
2020-11-30,45976.0,30793.89996042942,40585.25572742814,50419.25556026227
2020-12-01,54850.0,39730.02653173122,46383.65206768949,57730.06730091405
2020-12-02,55903.0,39186.98450852034,50207.82543071371,60521.58635572014
2020-12-03,56776.0,38901.324076888464,50675.39918198723,57824.08424760853
2020-12-04,57390.0,45120.27156267054,56226.313234979505,63831.892302919165
2020-12-05,42775.0,42153.38043671909,49063.189118871305,59870.8506794169
2020-12-06,37198.0,24712.891034358032,37015.43081203336,44162.484235440716
2020-12-07,50675.0,38544.41298623729,50575.13166922922,61920.74760645956
2020-12-08,56720.0,49632.60673993632,57209.47052807509,67485.92723894994
2020-12-09,57622.0,45546.800698410465,57061.316805003866,66426.43142594895
2020-12-10,59288.0,44656.33732470015,54272.517991702036,64213.95288799232
2020-12-11,61194.0,46338.27388430231,57990.385569532256,68793.97071309893
2020-12-12,46618.0,42207.07522076315,51233.27951520776,59246.51843070707
2020-12-13,38726.0,30947.018013739795,40489.36213870389,49484.78222294586
2020-12-14,51467.0,42306.736739389955,52299.567516274765,62792.35703818805
2020-12-15,60886.0,47598.29777271484,59180.7687588443,69623.62626790388
2020-12-16,50672.0,53856.48682279443,60535.5935020357,69964.22020761934
2020-12-17,26421.0,46179.54683509691,55153.215343192875,62509.756766667146
2020-12-18,59318.0,39331.65960275036,47807.83142057358,57790.89415965248
2020-12-19,44091.0,32665.640513595125,43184.81295753409,51210.061278139685
2020-12-20,31681.0,23223.62905567474,33073.841072474366,43519.819837748095
2020-12-21,51526.0,37152.10546665699,46730.02078615813,54389.46218915718
2020-12-22,56169.0,46681.34737583423,55295.74399380546,65092.700166181894
2020-12-23,56755.0,44588.30700082491,53156.267701157376,64996.22195429371
2020-12-24,44483.0,36208.433398459645,49297.40588756815,57598.55336254396
2020-12-25,19112.0,49266.620524795755,57060.62798026587,67130.0014299955
2020-12-26,28407.0,23288.31355554927,34309.443337620236,44156.785098832406
2020-12-27,25892.0,14798.143810132364,23353.22891948838,35817.8712752466
2020-12-28,40985.0,29072.652415052853,38415.964309507384,46997.76230171505
2020-12-29,45866.0,34912.25151855516,45806.20197632711,56334.44434641327
2020-12-30,47650.0,30570.172095512426,43567.37127854829,53520.88111417214
2020-12-31,44811.0,29433.429654561736,38938.586936910244,47821.43071778378
2021-01-01,24830.0,32321.347547955957,44722.69549557206,52983.26140436048
2021-01-02,34314.0,21401.682596899984,32501.560342362267,41571.39303078613
2021-01-03,26345.0,12219.718819266356,25284.842754141027,36426.2705380626
2021-01-04,44545.0,30133.715409616503,39132.941890105285,50774.48283664406
2021-01-05,46880.0,38326.9348786243,47350.280787717755,56681.4492892117
2021-01-06,49547.0,36608.085228596006,46150.08244110917,54322.66358231733
2021-01-07,50290.0,32350.964926259487,40974.23080032029,51151.66396852104
2021-01-08,50477.0,33539.9608683512,42485.711017987254,52188.09261700663
2021-01-09,39911.0,33232.347189960856,43437.212692055284,52551.67104820889
2021-01-10,29855.0,26726.926474543347,35061.30719667077,45122.58826128336
2021-01-11,46849.0,38543.409464174365,49028.89028621694,57987.85840934464
2021-01-12,50133.0,41963.820750268664,53030.161991749876,61047.62930526612
2021-01-13,51306.0,43759.09839353287,51894.245066571326,63472.95883231056
2021-01-14,53051.0,36450.29881624489,45437.111223910804,54733.53266262823
2021-01-15,53026.0,33153.11814273879,47675.008793314926,56000.793500898624
2021-01-16,38723.0,37374.268189850154,45839.155782718284,54671.61928003325
2021-01-17,31985.0,23758.841434941896,35308.953643946006,44850.250319553954
2021-01-18,37092.0,41849.22364951157,51264.19947079674,62597.41502063101
2021-01-19,51149.0,41244.22991364002,51353.65601447974,60423.70703398274
2021-01-20,49438.0,38768.737670402064,50989.74479070779,59009.06347813357
2021-01-21,53280.0,30863.02526255791,46784.91059983137,55715.31505130212
2021-01-22,54285.0,37925.42645079108,47258.54888836209,58174.45275947684
2021-01-23,42054.0,36106.47155866446,44799.903197403946,52627.00275849246
2021-01-24,31033.0,24088.473359437947,35235.03162149443,46015.4196854755
2021-01-25,47423.0,39070.45138027235,48356.02048251467,56665.8156292902
2021-01-26,47818.0,46595.4277762141,55327.863347576145,64850.374108729266
2021-01-27,52655.0,41563.957215814466,52256.11605322817,61640.63294711898
2021-01-28,56444.0,42586.161068337744,50579.130526943285,58738.517096555224
2021-01-29,54602.0,39906.455116847465,49982.363655588226,58385.23330728685
2021-01-30,39233.0,33575.44102840153,45069.00497410446,55091.06220313756
2021-01-31,31191.0,21309.118194759318,35146.23622407569,43671.23259907979
2021-02-01,6806.0,36755.485652520925,48165.20359340889,56537.79018490862
2021-02-02,29180.0,28820.20327341425,40852.31924137341,50546.69225519879
2021-02-03,55440.0,29226.81252819005,39267.902377033824,51075.923910702586
2021-02-04,59326.0,32936.79581391634,42412.93120654169,52205.874407269635
2021-02-05,57770.0,35992.80590123011,46496.15731485763,55505.916535605895
2021-02-06,49989.0,32436.04510755855,39523.5355897041,47372.598833331394
2021-02-07,27488.0,23350.4172730786,35910.473811994656,47790.62092324377
2021-02-08,51729.0,30417.62453512531,41346.24638870328,52200.9208099825
2021-02-09,52733.0,47811.3265390711,55290.08887509504,62645.52550817146
2021-02-10,57857.0,51537.71881910732,60757.284436657515,69758.34987943128
2021-02-11,58625.0,50028.89073773813,57956.417686438115,67191.22201963468
2021-02-12,63611.0,45259.50863466535,56569.70549671214,62841.774853639596
2021-02-13,48355.0,37244.22771390948,47852.414340768344,57394.23015929613
2021-02-14,39672.0,27310.073581620436,37090.77007952733,48381.35176294173
2021-02-15,40322.0,40265.69532724925,49060.4458395882,60363.79391257689
2021-02-16,51211.0,45019.640278082334,56141.275862750554,64691.36088277528
2021-02-17,60166.0,49643.69196767904,60031.65236971486,69323.03903594347
2021-02-18,38121.0,49610.53202848977,60243.7007599974,67744.35252698167
2021-02-19,53029.0,40977.363570677946,51482.18928566924,62879.54769050173
2021-02-20,51340.0,31710.660061356444,40609.90149309661,52488.531011049025
2021-02-21,37119.0,25085.201752599212,33437.95032267929,43106.93328220457
2021-02-22,50700.0,34429.11514009325,43417.66035200976,53234.75821379155
2021-02-23,57160.0,44403.1625660547,55312.59221763932,64343.80979552256
2021-02-24,59969.0,54550.26397603882,62287.79786690904,73606.02067725669
2021-02-25,61984.0,46889.67094725884,56683.06406556818,66793.74550618033
2021-02-26,65394.0,52324.99174178495,61653.434424652645,71428.5825974882
2021-02-27,48981.0,41777.2268151217,52537.0543969514,63917.43520624
2021-02-28,37619.0,28779.31590320311,39799.50760384786,49349.04008301513
2021-03-01,54838.0,39600.57039075196,50273.286168739614,61399.09841792665
2021-03-02,61843.0,52641.23740383322,59570.009497541265,70915.73049678752
2021-03-03,63297.0,55163.54043725068,67157.14261717591,74631.26389919686
2021-03-04,67141.0,52638.60212837825,61269.180611573356,71058.22616207851
2021-03-05,69582.0,56291.04063108795,66787.21865755941,77198.9730576197
2021-03-06,55004.0,49547.170484623784,58211.644987530024,65890.8156751057
2021-03-07,38947.0,35109.89406880796,44714.88106227874,54704.79083163619
2021-03-08,56282.0,45904.511780841785,54871.15530601578,65156.68797215583
2021-03-09,62056.0,52952.537531207534,63374.702109470934,74773.67663477479
2021-03-10,64635.0,57357.41247357449,68627.40808955318,75025.2506170167
2021-03-11,68222.0,53525.30055484837,64145.037702670335,74429.2586042766
2021-03-12,71716.0,61473.6982921557,68958.48548404216,80022.21393371213
2021-03-13,60870.0,48264.73513906431,58443.77708560017,67916.54634555955
2021-03-14,43964.0,35417.21942501477,46871.697736854236,55062.038934774944
2021-03-15,61407.0,51023.43910172874,58895.32891028755,66292.53088114272
2021-03-16,65479.0,58680.45334065285,66906.25467683967,75646.05291300511
2021-03-17,71510.0,62939.6168723791,70830.94601751391,80119.33673613887
2021-03-18,71539.0,62091.44880826886,70908.62534880658,78773.39243636059
2021-03-19,74427.0,62843.38727503599,73892.56530141519,84997.70410242857
2021-03-20,61538.0,50617.54087462569,62134.02165308403,69944.87361302212
2021-03-21,45124.0,37415.25080223445,48168.66043794228,60077.720357033824
2021-03-22,59959.0,51935.10163694038,61666.03037351501,71434.38505650128
2021-03-23,63548.0,57741.25788942495,67411.41040100684,76301.03092437555
2021-03-24,68659.0,61916.61646143098,70096.25516892798,79600.69298158042
2021-03-25,69841.0,58922.00993275193,69357.92239970795,78570.67377601353
2021-03-26,73535.0,61713.77414018869,71893.87222171683,84926.14966877428
2021-03-27,67392.0,51875.852021478844,59817.634470518016,71007.08886503176
2021-03-28,40404.0,42348.34256722011,49382.16250440669,58315.76979186911
2021-03-29,58127.0,51803.203180683326,61571.62322288114,70862.10182215176
2021-03-30,66702.0,56325.96969843602,65396.14685733724,73947.93460374002
2021-03-31,67542.0,63202.19130556277,72132.36320769036,82124.19838921494
2021-04-01,72434.0,60727.99651845756,69587.76457973995,81356.45087626425
2021-04-02,72350.0,65004.08679318382,73632.8950247766,81331.49956710395
2021-04-03,61847.0,49637.35400762497,60778.44295485217,69614.69490234223
2021-04-04,46310.0,37037.274759978376,44716.188130857656,52517.488367188875
2021-04-05,62955.0,53404.91464468076,61639.078931565666,71177.40421046906
2021-04-06,70472.0,60084.370402299384,69555.36867447074,80143.23312899056
2021-04-07,74662.0,62363.92664997084,74181.23855419713,84420.49184238174
2021-04-08,77611.0,64555.97237335288,75760.81220716356,85437.09211242115
2021-04-09,78827.0,66208.1136163973,78727.3469688122,88203.76596943683
2021-04-10,68688.0,57456.32780162042,69405.57314551098,78409.83835904225
2021-04-11,47584.0,40201.20678036231,50801.22506090068,61363.456159627225
2021-04-12,70272.0,57635.45088390217,67078.41194881606,75795.97675901919
2021-04-13,74244.0,66027.54293730712,74637.58158597727,83996.10404902996
2021-04-14,77299.0,69602.18965383977,79296.49938123903,90383.86979940589
2021-04-15,80429.0,70055.70944972994,79838.100742548,90404.71117651531
2021-04-16,82456.0,71047.35177512735,81137.46849838813,91252.05217335407
2021-04-17,74101.0,58917.8434229645,70463.7908816394,78936.63193341349
2021-04-18,54143.0,45723.89393982308,54967.52329006116,64376.8605387144
2021-04-19,67688.0,61187.07428437967,72646.37966134158,82390.57369509763
2021-04-20,78724.0,68282.79726388319,77279.31034380243,85288.25771066213
2021-04-21,79367.0,73510.78537680741,81849.39298550779,92247.62417931142
2021-04-22,84344.0,74819.81727859264,83191.57525718195,94796.01698853409
2021-04-23,84623.0,75522.91704227756,84871.64864017586,92229.83785209758
2021-04-24,78858.0,65779.87387713636,75097.79016916502,88955.13247810748
2021-04-25,49330.0,51289.104911697934,58731.889992928554,68735.18393149292
2021-04-26,70215.0,61432.83156840862,70890.97060278032,81240.89205199224
2021-04-27,76481.0,68872.20664534859,77935.08207816002,85562.31324893616
2021-04-28,83553.0,66823.50173522251,81160.81490709138,91327.06855627138
2021-04-29,82210.0,73167.13930024332,84544.47898880058,93548.36506548832
2021-04-30,89141.0,76086.0113107407,85839.49556110657,94859.40972103349
2021-05-01,80717.0,66463.4720301828,77076.96621583622,89204.12056855654
2021-05-02,60957.0,43834.267550269935,57405.184935826655,66667.28093893462
2021-05-03,75261.0,64167.01449675023,76152.35311064252,85843.61781932708
2021-05-04,80894.0,73507.3431317853,83395.1009004122,95321.29444940327
2021-05-05,87029.0,76028.20373536546,86674.59385599187,96400.74031890716
2021-05-06,88472.0,74442.92447026391,88640.93335662488,98050.93383751277
2021-05-07,92383.0,82047.84467539455,90971.21372034324,101431.07504669703
2021-05-08,80021.0,71545.5089293683,82494.38944472268,91791.75124816941
2021-05-09,64461.0,51710.91762142008,60516.39835671526,69585.1191189422
2021-05-10,74390.0,70010.06350761719,79594.49419824302,89119.63774924108
2021-05-11,83498.0,74511.93083549125,84679.96962436002,92026.36332220073
2021-05-12,86867.0,80095.7900850056,88046.66349359918,99057.40943878127
2021-05-13,82527.0,78705.9139426274,88523.48235036277,98107.77198852798
2021-05-14,92518.0,79791.1329297733,90428.44395454403,98305.61426682367
2021-05-15,88865.0,72158.1429746787,81991.68838155235,90634.13019021394
2021-05-16,66387.0,54521.778314360454,65234.97677781436,79339.55601365876
2021-05-17,74097.0,70322.62974777257,79747.7965054609,89798.24804370094
2021-05-18,84772.0,77217.06510493005,84733.24687712791,94195.15677294633
2021-05-19,90733.0,82729.14736012508,90567.59933760931,99832.41188026112
2021-05-20,92695.0,80977.98668539342,91116.0575645986,99643.15798512821
2021-05-21,94927.0,89084.06972211707,96643.97852855208,105662.8481974717
2021-05-22,93359.0,77787.92287936834,86002.76570189964,98431.83831332337
2021-05-23,71494.0,59762.91507081551,68039.89954142687,79245.91384975279
2021-05-24,81403.0,75365.33472862426,84826.50780537268,91798.35985319068
2021-05-25,88685.0,84424.75962665696,91333.06065153779,97803.52187391307
2021-05-26,93364.0,87954.19278309004,95977.84896938289,104109.2799475077
2021-05-27,92466.0,85535.39847133293,95874.17183575597,105080.75764291783
2021-05-28,87929.0,88640.0872472208,97548.40984390106,108918.48978697367
2021-05-29,64946.0,78150.18420092543,88338.68526083737,98289.66767009626
2021-05-30,54240.0,49709.95204042197,60039.52478689025,68509.6081002276
2021-05-31,56720.0,59949.06821551528,70847.93377290442,82410.29204376486
2021-06-01,86021.0,60502.072410116365,74572.80875836682,82973.44165943188
2021-06-02,92571.0,73281.54080181727,83055.37622104737,91778.59286670563
2021-06-03,96504.0,78186.4614643542,87534.93055177058,94735.9925373409
2021-06-04,95589.0,84836.02347152865,92386.60669208711,102558.76805962995
2021-06-05,97983.0,72494.77199128608,83743.89312125024,92788.9428457968
2021-06-06,77634.0,61018.879124135754,70188.14697942772,79130.9274323088
2021-06-07,88869.0,75549.09759152443,83768.5110243262,94178.76589113778
2021-06-08,94675.0,89082.39942046598,99339.14041594244,109068.68052198661
2021-06-09,99484.0,90866.34790934293,101840.76506748836,111420.93973121165
2021-06-10,103982.0,92443.46970496517,103084.56520317527,111208.11876433429
2021-06-11,98321.0,94805.05711290085,103544.5925575541,113009.77869555539
2021-06-12,93963.0,83650.26207641105,93755.18180844051,102470.77741578007
2021-06-13,73784.0,63843.94304965896,73368.78306760333,81585.43529424869
2021-06-14,86939.0,73584.72568950144,85949.00184819278,96446.07598320382
2021-06-15,98038.0,86725.58582944263,97294.32048244381,106776.51296996043
2021-06-16,102175.0,93219.99777056601,103471.44862362,112226.7524496441
2021-06-17,102964.0,95687.75707962159,104069.56458257133,111629.68368776095
2021-06-18,98994.0,95044.84362416006,103208.30248050278,113534.09687719872
2021-06-19,96406.0,81435.98719477224,94254.4637719627,105681.09400097658
2021-06-20,77945.0,64904.17144734308,75055.49232473402,85739.96791466161
2021-06-21,90870.0,76810.01043311426,88426.94171179135,97576.25543175953
2021-06-22,99019.0,91880.26478333717,99701.6767716825,108713.44787401993
2021-06-23,102895.0,96502.22626548949,104182.3780133264,113124.43352095052
2021-06-24,104639.0,95717.42484213602,106091.02802472873,114754.14351970716
2021-06-25,103294.0,94557.93765994426,105355.02219011862,115368.57868952608
2021-06-26,98690.0,89853.75829753309,98820.04332877995,105935.82001839315
2021-06-27,77379.0,64694.32940438961,77847.71601316257,87854.54039520764
2021-06-28,91543.0,82503.42238051762,89929.6850872384,99868.37969838495
2021-06-29,101112.0,88226.79293074961,101882.62211130984,111679.28106003188
2021-06-30,101923.0,90942.82644989599,106103.25638670471,118129.82734532548
2021-07-01,93848.0,94112.68246565151,105162.32221849376,115586.70148415129
2021-07-02,87546.0,92497.44087782822,101168.92843754476,110090.7262027171
2021-07-03,71122.0,83031.68916021606,90915.02985067299,100259.80864110314
2021-07-04,60544.0,54369.95239729939,63705.30656692521,75480.0541445804
2021-07-05,64728.0,68123.65441707059,77031.80684301378,87399.24542609089
2021-07-06,89457.0,72144.4272893964,83534.06357760538,94100.17453761859
2021-07-07,97200.0,76539.71641445716,88273.94457845198,97038.98802411312
2021-07-08,94581.0,81252.91525983748,92040.79276125679,100254.98054141276
2021-07-09,93585.0,81430.43971141256,90498.6002427731,101059.30586822108
2021-07-10,93833.0,76812.23883794973,84902.82092133001,94019.549891803
2021-07-11,75946.0,58609.7732865731,70822.95821286409,78979.78564245896
2021-07-12,84894.0,75903.78699400439,83553.57040392655,100104.46361541063
2021-07-13,96611.0,87780.6904885504,97718.49031902695,108103.89612777659
2021-07-14,104639.0,91801.32096288027,102269.77835951812,110616.16849183201
2021-07-15,106008.0,91836.20823129066,101489.58987537588,109123.2103554457
2021-07-16,102924.0,91096.28704723938,102527.58745855224,114661.20281897325
2021-07-17,95242.0,85773.18998134948,96477.22265883567,104592.21899491882
2021-07-18,77384.0,67242.79205680224,78643.486692378,86742.39644205691
2021-07-19,88980.0,75830.27671362956,88930.40205745886,98691.48533798991
2021-07-20,92433.0,89005.56456467825,101703.51439259938,111792.64983694014
2021-07-21,98271.0,95457.63229294182,104651.1523091949,113886.81141105304
2021-07-22,103940.0,90506.7766375068,101791.8006632614,111608.76330097279
2021-07-23,99049.0,87711.71821158683,101052.38395622703,108363.38909926488
2021-07-24,93266.0,81224.18381752436,95141.70020508746,103422.79360472094
2021-07-25,75580.0,68091.97589210742,76492.32702437183,85328.49291306557
2021-07-26,89132.0,79161.96814230186,86382.00143052715,97615.31608358429
2021-07-27,99360.0,88371.24842671752,98636.37745101636,106160.53782664039
2021-07-28,99702.0,95158.9807570482,104738.42469785229,113495.41914891258
2021-07-29,99762.0,96053.66314944315,103632.251184685,114324.01467719997
2021-07-30,99162.0,88328.8682888103,100053.75903744865,108003.70347879517
2021-07-31,93384.0,86435.07863147189,94124.03094233542,103147.13800947925
2021-08-01,73086.0,67175.797440569,76496.38529099064,85927.9507208352
2021-08-02,83305.0,77521.41007150657,86734.70950705474,95818.01378937223
2021-08-03,93910.0,85091.48431572753,96985.12179828703,110371.76232929534
2021-08-04,97778.0,91850.36100190351,99969.3863112786,111814.69042241272
2021-08-05,99331.0,90521.43822212127,100161.12904955616,108814.32982555333
2021-08-06,97852.0,91072.48687113718,99161.57835177242,108459.70780819567
2021-08-07,90630.0,84240.57922618289,93749.2213563511,102936.30037560685
2021-08-08,74449.0,62935.037761092455,73835.01000252977,82899.62496398958
2021-08-09,83049.0,74564.51264012721,83953.4712461323,92891.41334715695
2021-08-10,96402.0,83644.8712565046,95310.17750036536,105134.49081249819
2021-08-11,100816.0,90358.89916767429,100475.16643571116,109224.78801849323
2021-08-12,99203.0,90592.78814038173,100648.54960484288,111532.07723184543
2021-08-13,99126.0,91306.17524643717,99740.77476447611,110326.4577158072
2021-08-14,91550.0,80357.93872912838,92802.15202975197,103098.44824934127
2021-08-15,76813.0,66009.98095923616,75776.57727775812,86522.21737152734
2021-08-16,82197.0,76734.61286989241,86430.68487232784,92648.42632467022
2021-08-17,91749.0,87287.86209489482,96744.16148939998,104885.99964354311
2021-08-18,95926.0,90645.75008444837,99723.90037480005,107498.2305834586
2021-08-19,99488.0,89332.31275543424,99135.66009193432,109788.90097821837
2021-08-20,99268.0,87812.48260748803,97487.94200810393,106535.60539814805
2021-08-21,98613.0,81838.31453181502,92109.54381403228,102919.66505458875
2021-08-22,53247.0,66878.72727436801,77512.64668391272,86745.06855932326
2021-08-23,80802.0,68491.62403326697,79776.1726084482,92183.26453045609
2021-08-24,93733.0,81315.80106216496,90170.49242300037,100550.20860903438
2021-08-25,98428.0,88680.39745554459,97162.2204112768,110178.02652417119
2021-08-26,101124.0,86977.01469362645,98305.53466645873,108275.7053735364
2021-08-27,96582.0,90237.51448680146,98707.60182710017,110335.03213442246
2021-08-28,89008.0,82967.39255269892,92651.75143366179,105323.96329271862
2021-08-29,73010.0,55431.9694757265,68249.09520741312,78495.2788038516
2021-08-30,84107.0,75787.16805976775,83790.25980905464,96972.21189080011
2021-08-31,93718.0,87072.09461290223,95612.81571360826,105941.34921336737
2021-09-01,88185.0,89742.75456922737,99526.37379950409,109087.02854288481
2021-09-02,93100.0,87092.1211784812,97398.29395810029,105725.32220704394
2021-09-03,95630.0,83195.5386053126,95314.82650851944,105122.30766747256
2021-09-04,88527.0,80473.03364736233,88859.37185062704,99523.6575746175
2021-09-05,74209.0,56608.66322719534,67854.84009488439,75137.12913106247
2021-09-06,71712.0,74369.95638056655,82432.85575305275,91948.39432637324
2021-09-07,88673.0,79782.98901169901,90332.70527239935,100500.27259013033
2021-09-08,102042.0,81452.15833853905,93522.41065775376,100946.11979297186
2021-09-09,105817.0,90898.48850753171,99340.49551234649,110822.73577008033
2021-09-10,109813.0,91409.63346365381,100045.90366152409,107475.4504688736
2021-09-11,107560.0,88430.99898418602,98133.2874029414,108273.69537321628
2021-09-12,87232.0,72080.92436794846,80756.14493952121,91045.77006910725
2021-09-13,95735.0,82678.03008140752,92691.12008657257,103112.24089298444
2021-09-14,102209.0,98154.2792105988,106848.32741158214,116760.24434161502
2021-09-15,106884.0,97738.27402967119,110768.44045954621,118416.70794074937
2021-09-16,102456.0,100784.97145043004,111328.74144968584,119666.44951641274
2021-09-17,110693.0,96049.76882911283,108031.86309125143,118468.0638991103
2021-09-18,111362.0,94706.31338322518,103513.79892013503,111651.31257495604
2021-09-19,88272.0,75056.81088033844,85109.05408567737,93784.60755448182
2021-09-20,92218.0,85437.37554864261,95692.54838231923,107614.9249547498
2021-09-21,99871.0,95146.8194161642,105760.47137884017,116241.09957283139
2021-09-22,105877.0,100316.00458091014,108530.1444264556,118904.94797146079
2021-09-23,104169.0,100385.57822242918,108539.86390494142,120137.5438822629
2021-09-24,109419.0,100105.67144741974,109637.4679827,118923.5463189176
2021-09-25,112977.0,94690.05004276047,104679.39824171056,115523.62351853901
2021-09-26,91222.0,76213.73197467953,84459.71186001325,95453.4204959659
2021-09-27,93752.0,86436.7834882936,96425.88435495188,105407.79879746711
2021-09-28,100970.0,98166.63673205038,105701.76175920965,118503.05939064253
2021-09-29,108179.0,99140.2452259422,110342.5097002048,119139.04509064506
2021-09-30,115013.0,102314.27806884256,110644.48011624331,118805.56954114375
2021-10-01,117104.0,103951.67372660786,114225.14288606352,125082.84101298987
2021-10-02,115086.0,96748.96617843704,111089.72076578788,119550.59596223281
2021-10-03,91230.0,78694.73178724475,91759.53868275414,104223.12043754358
2021-10-04,96858.0,89883.54615045678,97872.19067273031,105621.67287780394
2021-10-05,106648.0,98238.52414843295,108699.37131558226,120176.80609696673
2021-10-06,113020.0,104834.65843205326,112922.90298418596,125078.76744448779
2021-10-07,118556.0,107975.69465253995,117017.84129013665,129967.62303329723
2021-10-08,120242.0,110579.40579428445,118761.29536920207,127126.58948477914
2021-10-09,116817.0,107605.277692077,116725.5147955918,125924.28832393314
2021-10-10,93850.0,84238.48762731462,93885.23854758614,101865.79364858489
2021-10-11,86890.0,90822.9026378436,99688.43925193402,109358.8566574468
2021-10-12,108057.0,96156.22982997022,106063.70098007855,116981.3140701635
2021-10-13,112723.0,102340.22898933085,111956.30190065793,121709.50792864122
2021-10-14,121767.0,105407.10304985725,116063.5811070437,125130.62082225631
2021-10-15,124091.0,110915.0772292054,120117.62433616995,129254.71926928898
2021-10-16,121955.0,106827.90789022158,118437.14706665216,126973.31949434977
2021-10-17,100790.0,88548.29550898034,96807.27462893468,109514.83692074164
2021-10-18,103856.0,93223.70922033899,101515.12576231969,112283.46653788156
2021-10-19,110716.0,106761.19977913357,115624.82430156077,126215.24547771942
2021-10-20,119077.0,109817.37099148077,120846.12674400475,129326.26184489929
2021-10-21,122809.0,114497.86513826533,123869.29977802382,131354.92384445548
2021-10-22,122858.0,113880.74486408781,124927.8498531455,132008.82655567303
2021-10-23,119757.0,109011.26544244724,121731.54123389495,129625.29005962462
2021-10-24,98929.0,89925.38016642802,98579.00991580472,110634.40787010794
2021-10-25,99949.0,94493.5974792315,103335.3969940643,111778.75370011789
2021-10-26,101866.0,102644.48185065213,113456.97627184071,125195.78080628265
2021-10-27,119847.0,107631.5369886345,116977.69605850105,127683.82569707229
2021-10-28,125607.0,109790.02959128578,121189.16059139749,128637.58694981944
2021-10-29,130631.0,116195.57300047805,123687.28897022028,132936.78384859863
2021-10-30,119589.0,115951.39164576211,123638.8090994321,133875.6692158485
2021-10-31,102310.0,89441.9996050233,99997.6748869027,111195.65031113823
2021-11-01,106500.0,92760.81520730883,105309.91148988233,114563.64490260022
2021-11-02,115847.0,106130.09202412666,114739.4298085077,128434.43859295423
2021-11-03,121839.0,116719.9690255399,125027.30615850343,133900.609430971
2021-11-04,127917.0,118697.82986812819,128385.47376306646,140251.33923517214
2021-11-05,129921.0,120080.05025738507,129386.31602395485,138512.8831519414
2021-11-06,131460.0,116188.6792363562,125067.21168763308,132939.24173350923
2021-11-07,100647.0,97704.73913478562,107231.78680181933,114806.95070365243
2021-11-08,106822.0,97082.10979684426,107134.20565001965,116209.7835093218
2021-11-09,118745.0,110754.82185790034,117644.92437616142,127112.26447484073
2021-11-10,126617.0,118310.9526480136,126677.70406354814,137351.2169963583
2021-11-11,123715.0,123895.52564107627,131552.7032361501,139066.06097758052
2021-11-12,128010.0,121988.62215308481,131382.93849620706,142963.63550785597
2021-11-13,132310.0,114449.26363690392,126320.06607805539,136424.36692599495
2021-11-14,109696.0,97791.75576935947,105357.49376742037,113766.9156297719
2021-11-15,114815.0,98655.67994872073,110867.2426025089,123021.41296770296
2021-11-16,122702.0,112136.25591246465,122822.67930034988,132086.9008438988
2021-11-17,126605.0,121099.39691521364,129688.05131419697,140164.55617535114
2021-11-18,133377.0,121562.09590255473,132982.59963400394,147089.53743453437
2021-11-19,135462.0,125791.80651520245,135673.16808429547,145413.79838149826
2021-11-20,131453.0,122628.92529148115,133283.39957264595,144572.63982918483
2021-11-21,105078.0,102452.49213788651,109495.74068074257,120675.57476610012
2021-11-22,112469.0,103950.1158123516,112341.9062413574,121164.05132936717
2021-11-23,120235.0,110956.57930340913,120874.55322829192,130096.16821416482
2021-11-24,108411.0,118600.08502598888,130158.88197942414,138341.280586079
2021-11-25,70312.0,114587.92815247749,126432.33620616212,135496.84047644289
2021-11-26,89887.0,101611.49269302287,112647.97863572286,120380.54857611224
2021-11-27,104505.0,91821.98174919571,102222.19671253863,113888.75851226086
2021-11-28,90990.0,68838.20403888595,79275.89511738601,91188.38746842656
2021-11-29,107130.0,77504.18220638328,87946.08230511431,96835.55905932118
2021-11-30,119420.0,94118.07367107572,102907.51228602698,113693.79758913194
2021-12-01,122007.0,100275.46546464249,112202.5025750876,122690.64735259707
2021-12-02,128647.0,104475.66674102118,112362.49033882093,122527.62938979965
2021-12-03,136231.0,115408.8705097636,126928.87923305765,134532.80210751432
2021-12-04,132392.0,122802.54148047011,131655.6623787729,143304.52121340224
2021-12-05,109654.0,101026.4270290362,110388.44048794979,121583.8659466963
2021-12-06,112665.0,108778.9093367953,117876.14675874921,125762.87139226668
2021-12-07,126649.0,114887.34729037083,124049.7214138059,130955.85576696476
2021-12-08,131663.0,118380.25952154132,127291.87015144671,135468.89746385804
2021-12-09,134724.0,118870.33417902763,127981.70214625329,138841.04995582384
2021-12-10,133497.0,129346.76618798968,137815.86549248872,147237.5410629948
2021-12-11,130247.0,128593.29575566086,136235.22254971473,144740.06538970288
2021-12-12,107167.0,101444.53379134735,112715.7670070733,121331.62104985042
2021-12-13,111299.0,105289.0745625058,116193.1066594327,124229.49137064257
2021-12-14,120218.0,114024.38451551413,124868.46155417582,135577.6843608138
2021-12-15,125053.0,116898.28522024758,127806.1059318439,136275.37178500995
2021-12-16,126270.0,114779.31284628388,124150.22560208396,134283.03196916048
2021-12-17,124147.0,121232.82152249753,131309.5929419242,141666.27966480883
2021-12-18,110282.0,118763.47966283794,129901.42917937136,141532.0873484037
2021-12-19,91202.0,91067.24765322304,101844.16679344905,112787.6341341967
2021-12-20,94213.0,91979.73155359406,104321.07959856212,114448.21027519189
2021-12-21,93095.0,100231.3739005311,111500.17885985614,123146.23420882106
2021-12-22,91699.0,98992.16288799749,109251.5542791585,116870.58414402764
2021-12-23,87850.0,91909.16781793795,103668.73799402121,112983.8323731598
2021-12-24,69619.0,90044.90283757175,102541.8175649957,113904.9262008439
2021-12-25,40807.0,80441.11621190471,90320.1762983023,99763.51146376938
2021-12-26,54705.0,43482.72575644301,54551.96413503292,65627.14202459858
2021-12-27,69897.0,51759.258765101484,60254.7872313454,71014.67936654165
2021-12-28,75037.0,63825.97423735025,71783.8569734533,80797.17302189616
2021-12-29,74989.0,66322.87974500928,77338.68869472337,87866.70168469999
2021-12-30,77968.0,68157.50532720848,75903.75222213572,84012.15104052708
2021-12-31,70426.0,66145.24634186183,75940.68845562529,84939.63201842933
2022-01-01,63454.0,60044.56464966916,69313.94064427979,78091.37372535771
2022-01-02,58421.0,47904.86731189578,57611.39284854671,65579.88161138097
2022-01-03,72408.0,53956.49412705001,63967.72648609726,72771.35598694517
2022-01-04,74562.0,63038.43474514824,74611.45300731366,84839.78154915343
2022-01-05,74592.0,66479.68322705357,77659.28909026083,86580.4613916205
2022-01-06,79909.0,69592.97572610299,78932.77698600967,88320.37471929753
2022-01-07,71590.0,64866.63276514974,77772.59323799073,90452.82600459855
2022-01-08,83179.0,60490.401509026604,71101.53148156381,82619.49322810929
2022-01-09,64017.0,55986.22467186011,65702.67737059508,75214.6391021879
2022-01-10,73692.0,64270.04849031984,73122.52321200445,83035.47345526575
2022-01-11,77606.0,71305.71359227723,79351.68118023186,87672.26859583323
2022-01-12,80352.0,71834.76572989607,80746.17180790409,92538.73964295135
2022-01-13,84952.0,70436.03610960643,81616.59027068497,90270.25222426064
2022-01-14,93817.0,72952.91257666888,81059.3347396969,90120.00620402393
2022-01-15,88704.0,74898.261035645,83245.10117208518,93730.62065382653
2022-01-16,72783.0,63932.86734135874,72657.94025812804,81249.21727015398
2022-01-17,63521.0,75966.16249392428,82479.79078829946,89470.66115339563
2022-01-18,84603.0,71929.24439974234,81261.49356370786,90977.99300063644
2022-01-19,86640.0,73777.43811420038,84038.99855891144,94790.1853790265
2022-01-20,90778.0,76572.0620082708,87117.51349480581,100014.13085598667
2022-01-21,101054.0,81508.27758014877,88982.73316375646,97254.20685744323
2022-01-22,96590.0,82264.35820393222,89343.44521411773,96684.7129269889
2022-01-23,76914.0,68484.50619121715,79796.62607295206,88015.0909583062
2022-01-24,78542.0,75081.92981624036,82729.23038932912,93053.97427140655
2022-01-25,87349.0,80601.38958508639,91407.77925783234,99705.2509217231
2022-01-26,96747.0,81630.88490692442,92425.42421026556,105080.57928860863
2022-01-27,99766.0,87559.3492700314,96225.4871798924,104957.90907443044
2022-01-28,95873.0,87975.61167700941,98513.16903511257,109564.6616606461
2022-01-29,34388.0,81784.6378663006,93082.78500102872,102455.92625108884
2022-01-30,71234.0,51110.73972462534,60804.71319850307,68765.82616145835
2022-01-31,85899.0,58474.00562627645,68615.21828499796,77838.32688785352
2022-02-01,92360.0,72254.4206933664,82137.38834330178,92930.97884289682
2022-02-02,92576.0,79011.06322914985,90547.3501326162,102367.6861246118
2022-02-03,104562.0,83397.60318089607,92777.06894707997,102916.43575854047
2022-02-04,110309.0,87852.54183721179,98224.16770390456,107663.59497978447
2022-02-05,116980.0,75022.6620666343,87628.80525444231,99289.1210595626
2022-02-06,88141.0,85393.72571852295,95152.50460382961,104287.83211834061
2022-02-07,88869.0,89304.86672365015,99056.38456227537,109819.48947410785
2022-02-08,102781.0,92625.09119376008,103801.94990791394,114331.618887073
2022-02-09,106089.0,95725.5336006795,106804.45520700913,113063.01779961545
2022-02-10,112804.0,97501.92877368386,109164.61174286023,118126.93388690733
2022-02-11,117752.0,102900.06044819282,111756.16092556142,121860.86448921208
2022-02-12,119686.0,91229.50590657583,101652.05399561598,109790.91524044293
2022-02-13,93022.0,87929.25022350071,98359.2847982497,109097.36302357209
2022-02-14,110542.0,91555.32402244402,102015.72657987928,111490.96716803605
2022-02-15,110484.0,104459.52703780812,114080.17690201147,124047.93081349219
2022-02-16,110268.0,107196.73523334341,116165.95485104682,125405.9212679074
2022-02-17,113142.0,109725.93011781368,119290.61098419671,130061.32346387372
2022-02-18,116275.0,105121.76774381772,118878.99979687828,129791.24753050829
2022-02-19,114374.0,98531.74266925728,108920.77156799709,121701.63482776239
2022-02-20,95334.0,90624.55135532445,97845.49859298105,108065.24067145705
2022-02-21,85871.0,96068.15397099612,103845.50930330734,114182.92261851067
2022-02-22,101396.0,98167.40086789709,107290.99340159839,114752.35224205477
2022-02-23,112205.0,95017.35111025971,106344.33374705812,118421.8524132929
2022-02-24,119890.0,104794.82713634994,112385.54000799029,122287.58210530467
2022-02-25,118228.0,106607.83050659798,116387.12069303969,126963.79131262706
2022-02-26,123056.0,98384.81489618064,111073.82430558116,120248.78723546324
2022-02-27,100167.0,90310.65590113426,100364.64238763586,111030.50624109137
2022-02-28,102266.0,95838.97991929427,104482.96768640798,113582.88811046489
2022-03-01,113959.0,105387.2799776302,114424.86576853895,126354.36561584478
2022-03-02,119863.0,107351.33859841223,118468.1425639939,128696.16723059272
2022-03-03,129290.0,110561.67553093101,124946.12660786908,134024.0890140626
2022-03-04,128505.0,114393.00019153472,126043.55895769727,139831.84924398267
2022-03-05,120368.0,112893.41023609282,121010.86185672376,130999.97843733207
2022-03-06,95853.0,94758.84491106133,104851.62632745825,113040.26747703819
2022-03-07,99695.0,94755.76129836464,106042.11469589586,116008.67725076927
2022-03-08,117165.0,104788.25432836408,116433.11452088914,127857.13956043555
2022-03-09,120057.0,104513.36355056087,119609.28882876191,131508.049705997
2022-03-10,124861.0,113722.97314396592,126226.97763068823,135694.52980584482
2022-03-11,129455.0,111857.135607398,126903.08373262436,137233.5765849176
2022-03-12,121777.0,109387.11376528395,120206.66659877833,132761.6939001855
2022-03-13,100134.0,85101.42491178909,102368.59203465766,114449.36864511996
2022-03-14,98695.0,96165.36203399157,107343.5159118087,124054.28735632313
2022-03-15,112732.0,101494.82638128211,117105.13107467192,134030.01530325666
2022-03-16,119733.0,105291.57145384056,123233.78535742708,137831.0631601846
2022-03-17,116634.0,112713.21297087142,128887.60224327963,144676.5389199322
2022-03-18,128278.0,110506.74130704951,129819.40403975442,146291.19756086633
2022-03-19,120655.0,106490.55981714664,122870.35882784176,140606.2735858444
2022-03-20,100169.0,88527.90777129773,103568.50823018057,118958.75665702244
2022-03-21,100551.0,89453.74639016224,111099.27790147217,126143.25169171029
2022-03-22,113333.0,97783.65957906828,120887.53912162918,138187.2983555364
2022-03-23,122056.0,103198.76252823595,122943.58522908483,142388.46971130744
2022-03-24,124345.0,112502.87164209616,130880.380707605,146778.4252195905
2022-03-25,124059.0,107164.92711520278,130215.5685046557,147992.4941228948
2022-03-26,127324.0,105857.38693817235,124513.36575865507,144869.76471661398
2022-03-27,107222.0,86750.93620792744,106451.30471657477,122901.68648312936
2022-03-28,112277.0,93852.43387579644,112328.58521167474,136169.62193776979
2022-03-29,123866.0,101970.71441048411,122969.4819634637,142796.07780443554
2022-03-30,126442.0,107875.12724076245,127175.5913940277,153162.9434689837
2022-03-31,128538.0,111959.80052966303,131145.220907857,151671.2739396745
2022-04-01,135560.0,113674.3462915128,132955.24124160537,156911.14926872606
2022-04-02,127960.0,108439.46051537743,128054.75385384573,149945.08112563426
2022-04-03,104450.0,90007.01007165878,109481.12355162163,132263.07966870422
2022-04-04,109726.0,90900.9016266088,115835.3645575248,140832.41267854432
2022-04-05,121968.0,101696.29242392478,124671.38753616517,150368.02857582612
2022-04-06,124765.0,105094.12692349643,130659.53710355257,154261.262669825
2022-04-07,129116.0,113029.65133837702,135688.0357787995,155124.61781893426
2022-04-08,130708.0,112586.53420683468,137239.95135916478,158786.26930572034
2022-04-09,128585.0,105371.50665591218,130946.41147029135,153112.4782507193
2022-04-10,109767.0,84097.54140353501,112843.94880140953,135768.37847165563
2022-04-11,107538.0,93034.16242114837,117662.33659143663,141197.95891813582
2022-04-12,117812.0,101236.61107941545,129446.45180506824,152430.83178842973
2022-04-13,122117.0,105564.68384420224,133391.25210985285,154427.70189655977
2022-04-14,128182.0,109802.99552940033,138766.69984499054,162037.47813892039
2022-04-15,121835.0,113071.0307458224,138758.86451323304,162079.98466533216
2022-04-16,115280.0,109564.30305013215,132045.5787904993,158878.52951041932
2022-04-17,96306.0,88140.57407764066,115005.4207098566,142367.21926569965
2022-04-18,103235.0,94418.67341097222,120353.85944767998,147087.03205024876
2022-04-19,118539.0,105492.3797436445,132558.63134647303,161638.9394257867
2022-04-20,121534.0,109562.4823550978,136326.9448621177,164353.64599456187
2022-04-21,127415.0,113264.81896888066,140978.72650790878,172923.78867035976
2022-04-22,128247.0,115358.81553901952,142607.2790907339,167202.4034559639
2022-04-23,124414.0,105111.87953869686,137428.74984645587,163656.2956882481
2022-04-24,103937.0,90601.89907174118,116564.44492122455,146958.01756716438
2022-04-25,106623.0,90157.14645127188,124752.98098732633,148850.9234773635
2022-04-26,120156.0,102980.32467960317,133354.42135347653,160913.05124926582
2022-04-27,127674.0,107678.76465568629,141628.81854783226,166816.46995703338
2022-04-28,129292.0,116085.56136763758,144685.63998873692,173550.9646670864
2022-04-29,129113.0,114333.76779588562,146215.40179698306,173440.76627101697
2022-04-30,128048.0,108711.74357002544,139166.080259084,168173.03260139597
2022-05-01,100240.0,89540.23286614544,123231.41209590077,151122.74813229553
2022-05-02,95618.0,95067.12211311335,129913.13740377317,156840.80725474426
2022-05-03,120456.0,107357.05954846926,137931.46455728015,166860.6844334777
2022-05-04,125434.0,112568.09835028027,142967.27800735584,171592.95317429383
2022-05-05,131774.0,116773.23578095934,148024.9863004246,179099.8570313203
2022-05-06,128036.0,113572.9445176004,148836.85682062554,172777.29694168436
2022-05-07,118187.0,105347.53929031845,140694.67066729153,172941.37768362093
2022-05-08,103578.0,91555.70927901454,123854.26712393473,155388.27798717428
2022-05-09,107893.0,95132.12030899333,129055.3553487398,159748.65714963613
2022-05-10,121334.0,103254.40316772871,138907.88462092043,174202.16317037065
2022-05-11,127614.0,108107.08855910503,144487.65244250133,181223.5174088491
2022-05-12,133017.0,109933.11935492183,147543.07470599312,183203.75150353572
2022-05-13,129999.0,111864.3826185302,147518.9689806056,178325.28324595417
2022-05-14,125805.0,111563.53882496122,140834.576694082,180954.966597947
2022-05-15,106633.0,92451.59484021233,124549.22046434232,162651.9967570749
2022-05-16,113886.0,93389.70702353411,130844.55230416667,168775.143004716
2022-05-17,122954.0,109164.67868858375,142060.91738725302,178557.50609889193
2022-05-18,125687.0,111292.92263293949,142686.9343198894,178102.3493131349
2022-05-19,128777.0,116119.53946304283,151677.5605196162,188974.45739242667
2022-05-20,123896.0,117441.76509341534,152513.7174651659,191554.5612184052
2022-05-21,124071.0,113306.79474688851,144634.92350588832,184015.8682317819
2022-05-22,101488.0,91105.14797289643,128011.80553754276,158893.57098380543
2022-05-23,110461.0,92756.31435755812,135364.69228681125,172166.4790589901
2022-05-24,120596.0,104187.95345721596,142857.38075583882,185623.64505564197
2022-05-25,121986.0,108100.94889643665,147556.69529225474,189344.54495857225
2022-05-26,121296.0,116254.68965609343,151115.86608265535,193745.41705061638
2022-05-27,110473.0,115595.57757856697,155636.725794374,199255.2671856259
2022-05-28,98828.0,110863.46564480259,147957.03907326353,198757.60932323927
2022-05-29,91671.0,89895.39316187953,129117.70928131926,172201.8610545141
2022-05-30,83190.0,97704.50924475785,134928.24495799514,180470.65014628042
2022-05-31,113414.0,108671.66874496236,144264.34946407753,187999.11979120914
2022-06-01,121919.0,111373.49478141534,150395.70104967715,191836.8090130349
2022-06-02,125442.0,116484.48181340285,156073.73861170054,192386.20936215916
2022-06-03,124843.0,120578.86237323309,157088.415705927,194682.51607326313
2022-06-04,122564.0,112900.59569265853,150046.01931038738,191385.30874383452
2022-06-05,102225.0,92580.16468233704,133682.23063420807,165770.2925510824
2022-06-06,112515.0,98319.00108915383,138569.41859976697,175217.7516446007
2022-06-07,127606.0,110811.32895970577,148024.76613355326,186462.83414276087
2022-06-08,129391.0,110044.47182843264,151266.31001977838,190638.785592632
2022-06-09,132859.0,118082.69693812793,156482.66550601937,196776.4249095449
2022-06-10,128739.0,116315.6675256248,160578.5372644141,196665.3852445323
2022-06-11,121444.0,114186.19677367964,152848.26596678776,190401.1529365835
2022-06-12,99095.0,97009.37981677151,137134.6235709295,174839.66192454105
2022-06-13,118511.0,99176.95478433765,140386.56199054146,185176.8233299899
2022-06-14,125404.0,114128.90260988366,151761.51750040567,196985.29322207457
2022-06-15,130473.0,115402.13191115062,158155.72064961976,199900.766019116
2022-06-16,129297.0,122535.58404574322,162999.0073507608,208985.69610767625
2022-06-17,125639.0,122746.16748523364,163089.81608395634,204049.67540700766
2022-06-18,116015.0,115234.4044671616,156440.22867010246,199598.88784250015
2022-06-19,98895.0,92273.84016599039,139974.70899113512,181764.5499505843
2022-06-20,100787.0,100381.9179763234,144546.0282810543,192249.79122253993
2022-06-21,121645.0,114208.32402131605,154827.96374418825,193032.58840290486
2022-06-22,123232.0,116415.00599308863,158366.23535744252,199425.25672672348
2022-06-23,130512.0,123725.84274101604,165909.29342378216,203753.3890901019
2022-06-24,124645.0,123714.81527418825,164375.66960629722,205385.01186746798
2022-06-25,119974.0,119634.7511402248,158032.5258622673,201536.83272037064
2022-06-26,93154.0,96836.85825326863,142835.88940437505,183884.39251324686
2022-06-27,104815.0,103461.44931875335,147397.2699116058,193975.56016389476
2022-06-28,114168.0,120242.10312655453,156538.7302371244,197473.93582513722
2022-06-29,117386.0,115606.3522862693,158713.98193950273,202997.06560910118
2022-06-30,114498.0,118977.96469677244,166363.44048068143,216370.70029161585
2022-07-01,102198.0,123587.72061802876,167844.67243517347,208409.97276282732
2022-07-02,86782.0,117480.96360126743,161283.32411819033,207304.87789235055
2022-07-03,74899.0,95857.85329957739,145604.62822735403,184320.87310981585
2022-07-04,64887.0,107980.50534392099,148975.61762389098,196062.49874865534
2022-07-05,94906.0,115859.76461473494,161569.17866668326,204659.20572676658
2022-07-06,103805.0,116875.79305402929,161178.02439450574,208009.8228068732
2022-07-07,108181.0,124403.28170620077,166195.3324896012,218495.66592062087
2022-07-08,104675.0,125743.98896575117,170823.88740721747,211444.3637466671
2022-07-09,96848.0,120688.28639939248,164998.04197721474,206662.78412430553
2022-07-10,85315.0,103579.3975973962,143985.48375152488,185811.52671437222
2022-07-11,97683.0,111370.80932165953,153174.31921038087,194326.18635636475
2022-07-12,113204.0,115631.69572442329,160748.6576854656,208322.95169130445
2022-07-13,118331.0,122039.46778385967,164363.35901523146,212880.1718247305
2022-07-14,118605.0,126067.81447766362,171804.56800574542,217824.59444482098
2022-07-15,111240.0,132271.1087611412,172720.52603546693,211158.94305417163
2022-07-16,107205.0,124506.28409690304,166754.085894672,208721.5978926907
2022-07-17,90877.0,101545.62783317745,150309.36359293383,189831.3011826939
2022-07-18,97683.0,109547.94553418855,155273.20237389154,201694.0009536322
2022-07-19,115112.0,123001.74815472444,163724.17672983685,210754.45352480968
2022-07-20,118961.0,121035.55244732597,169322.03324982192,209278.58110842566
2022-07-21,117184.0,130172.96183232758,175656.70784114022,223652.53883052402
2022-07-22,110232.0,129975.56799053398,176670.18638990333,220536.79943774804
2022-07-23,104466.0,127689.05930226036,170700.11796530482,215563.6811146783
2022-07-24,91216.0,106721.64308882179,154068.87937396904,193902.1847609
2022-07-25,95691.0,108782.15044441057,156735.39224601147,203174.59966185354
2022-07-26,110850.0,123618.87918128725,169786.97754790582,214073.43149658994
2022-07-27,115698.0,125542.53959339033,170008.35197866109,220533.67821525253
2022-07-28,116813.0,127652.43391100217,178460.8195436128,227413.2331567517
2022-07-29,110678.0,129617.2072163771,179495.2775733976,220445.92225034384
2022-07-30,102431.0,123871.33858458995,174784.07859212474,226606.6607783298
2022-07-31,87707.0,101026.8789418919,155793.70186562566,196781.53207798308
2022-08-01,92309.0,109671.57731928477,162663.65458754273,205954.94488535932
2022-08-02,108256.0,111334.24393224972,172658.83152108887,220709.67206903745
2022-08-03,110853.0,119799.75136425825,175524.57741984975,224499.28577659372
2022-08-04,113408.0,123909.51443633458,178462.70915001247,232658.8382868819
2022-08-05,108362.0,129085.20497187608,181666.07100086997,230737.73780773763
2022-08-06,105647.0,117708.42033668983,177679.40179215587,224886.37405760615
2022-08-07,87277.0,98662.01392413847,159201.06507689308,203120.67234802045
2022-08-08,97791.0,112734.79722426635,164536.65689080197,210749.31976215573
2022-08-09,112476.0,121044.69753179567,176580.2377513177,222470.2110591206
2022-08-10,85626.0,118410.08041195142,177855.83114568237,227520.9241602624
2022-08-11,114694.0,129072.84069234219,184276.75531845354,238638.5406588699
2022-08-12,108633.0,137323.79706230038,187197.5913264823,238275.92624660212
2022-08-13,100702.0,124789.17436761156,179913.1109794175,228349.15844711362
2022-08-14,85750.0,105295.03107220969,161022.21645277386,214546.22808108907
2022-08-15,92816.0,110684.7730425086,163623.04194939617,220930.6764231726
2022-08-16,104352.0,121326.59931505412,174076.5645710221,233471.6145523933
2022-08-17,107363.0,122764.56706633726,178809.1575043102,233081.34091222985
2022-08-18,109376.0,127938.49404812581,185003.7618536482,240472.53543900186
2022-08-19,105384.0,138639.2169294901,183662.02138191444,241564.1519786448
2022-08-20,101258.0,121039.62584351946,178325.95283337528,233219.54662082007
2022-08-21,86306.0,110941.09081158284,158849.368027146,213456.61555656957
2022-08-22,91612.0,115211.71326160291,166909.32547007938,224592.49057828877
2022-08-23,105238.0,117676.81045536377,176061.6180786377,237908.47436678625
2022-08-24,107904.0,123645.12547809702,181000.32949131748,240281.44173418276
2022-08-25,109576.0,125569.64204396575,186104.16442809263,247871.2479317968
2022-08-26,105994.0,132519.34567806523,186769.62607966317,246473.16342206261
2022-08-27,103349.0,128260.49092249757,182181.12092492206,239980.33473674924
2022-08-28,87886.0,106703.95010158172,163809.3779839486,222517.3843976197
2022-08-29,91401.0,115607.37452669161,166660.4862832518,229949.31113390203
2022-08-30,105144.0,120600.76281514902,180919.44070016796,241322.40140231384
2022-08-31,105951.0,124393.19262335583,181041.795477139,243747.24245010442
2022-09-01,106978.0,131939.37669360655,188077.44463145873,245888.73161810878
2022-09-02,103320.0,135588.45270166977,187574.08160239382,250732.46459300542
2022-09-03,96934.0,129018.99117048642,185737.11616149195,245963.01553757797
2022-09-04,88481.0,108145.23690640535,164439.0997621906,224748.7001237857
2022-09-05,80419.0,112040.20983220784,173652.92161954107,228145.31043062845
2022-09-06,102106.0,124098.24124778337,181483.20360743848,242417.65039555499
2022-09-07,118921.0,127405.36121733383,185754.98949122432,243534.40878881793
2022-09-08,124662.0,129990.8224643291,194675.85202587995,255308.17087102748
2022-09-09,125174.0,138426.45889971443,192611.22676246864,250650.62602831447
2022-09-10,117628.0,127405.470036521,185821.54636311383,244933.55118876378
2022-09-11,101167.0,106235.51179469105,168776.7504130912,232501.64450222658
2022-09-12,110826.0,113628.59284568214,177013.71400054853,238777.27350136958
2022-09-13,122003.0,124930.22630922239,186526.2725168007,243875.7700801109
2022-09-14,124052.0,125021.8113895222,190267.40311324497,254164.33968921294
2022-09-15,127956.0,131786.31916037784,199488.62870279397,253207.92321274872
2022-09-16,125862.0,138917.3963462077,195691.97549952375,258038.5139041549
2022-09-17,59501.0,131055.23167905585,189721.97780070652,250468.55630826755
2022-09-18,82543.0,107420.35475106722,171439.7353805698,234137.96744329264
2022-09-19,105585.0,116952.40874748673,178907.68065414304,232238.96898710282
2022-09-20,106678.0,124794.45824887157,191903.59978228423,245097.04008964845
2022-09-21,102864.0,130268.70592061666,192032.1871432886,252228.3944855013
2022-09-22,109086.0,133241.19543599553,201073.6627791277,260528.20055368118
2022-09-23,119173.0,140307.00599074175,201187.4131703478,257129.45123422175
2022-09-24,117453.0,130575.87917505293,194002.97991571395,245788.71903653612
2022-09-25,99174.0,109512.0148724257,176608.04907733953,233162.4728402225
2022-09-26,97024.0,118743.17054855193,181321.9740618146,235829.08985806184
2022-09-27,113328.0,131238.1220013249,193459.93269646843,247362.46485479054
2022-09-28,122550.0,133421.82897634356,196269.52813626174,252401.9885946935
2022-09-29,126801.0,137056.4676428392,209736.85135240504,261909.95273067
2022-09-30,123849.0,138984.53135275954,202034.2342304557,261833.26502014056
