week_start,Mode,subway_rides
2025-05-26,Subway,2223342.0
2025-05-25,Subway,2263974.0
2025-05-24,Subway,2612492.0
2025-05-23,Subway,3867103.0
2025-05-22,Subway,4177159.0
2025-05-21,Subway,4359295.0
2025-05-20,Subway,4288227.0
2025-05-19,Subway,3859605.0
2025-05-18,Subway,2348792.0
2025-05-17,Subway,2806870.0
2025-05-16,Subway,3917746.0
2025-05-15,Subway,4226319.0
2025-05-14,Subway,4325647.0
2025-05-13,Subway,4101901.0
2025-05-12,Subway,3950681.0
2025-05-11,Subway,2177273.0
2025-05-10,Subway,2895080.0
2025-05-09,Subway,3893760.0
2025-05-08,Subway,4380539.0
2025-05-07,Subway,4438683.0
2025-05-06,Subway,4289517.0
2025-05-05,Subway,3924272.0
2025-05-04,Subway,2175053.0
2025-05-03,Subway,2896423.0
2025-05-02,Subway,4120612.0
2025-05-01,Subway,4440098.0
2025-04-30,Subway,4406705.0
2025-04-29,Subway,4350681.0
2025-04-28,Subway,3946503.0
2025-04-27,Subway,2329464.0
2025-04-26,Subway,2696077.0
2025-04-25,Subway,4124744.0
2025-04-24,Subway,4419648.0
2025-04-23,Subway,4402438.0
2025-04-22,Subway,4307321.0
2025-04-21,Subway,3806992.0
2025-04-20,Subway,2100218.0
2025-04-19,Subway,2880379.0
2025-04-18,Subway,3551334.0
2025-04-17,Subway,4077460.0
2025-04-16,Subway,4059487.0
2025-04-15,Subway,3997927.0
2025-04-14,Subway,3598255.0
2025-04-13,Subway,2180093.0
2025-04-12,Subway,2528127.0
2025-04-11,Subway,3864826.0
2025-04-10,Subway,4299477.0
2025-04-09,Subway,4343794.0
2025-04-08,Subway,4324220.0
2025-04-07,Subway,3848628.0
2025-04-06,Subway,2059867.0
2025-04-05,Subway,2658935.0
2025-04-04,Subway,3990036.0
2025-04-03,Subway,4286943.0
2025-04-02,Subway,4320984.0
2025-04-01,Subway,4247056.0
2025-03-31,Subway,3414357.0
2025-03-30,Subway,2055899.0
2025-03-29,Subway,2887283.0
2025-03-28,Subway,3878481.0
2025-03-27,Subway,4263378.0
2025-03-26,Subway,4237196.0
2025-03-25,Subway,4214256.0
2025-03-24,Subway,3650582.0
2025-03-23,Subway,2007695.0
2025-03-22,Subway,2653512.0
2025-03-21,Subway,3873120.0
2025-03-20,Subway,4191910.0
2025-03-19,Subway,4274997.0
2025-03-18,Subway,4232297.0
2025-03-17,Subway,3751313.0
2025-03-16,Subway,2111229.0
2025-03-15,Subway,2686698.0
2025-03-14,Subway,3926685.0
2025-03-13,Subway,4265918.0
2025-03-12,Subway,4273439.0
2025-03-11,Subway,4220071.0
2025-03-10,Subway,3849712.0
2025-03-09,Subway,1991779.0
2025-03-08,Subway,2662053.0
2025-03-07,Subway,3877969.0
2025-03-06,Subway,4177390.0
2025-03-05,Subway,4139402.0
2025-03-04,Subway,4178706.0
2025-03-03,Subway,3783633.0
2025-03-02,Subway,1943509.0
2025-03-01,Subway,2655494.0
2025-02-28,Subway,3867670.0
2025-02-27,Subway,4123434.0
2025-02-26,Subway,4202962.0
2025-02-25,Subway,4094456.0
2025-02-24,Subway,3722403.0
2025-02-23,Subway,1905750.0
2025-02-22,Subway,2492096.0
2025-02-21,Subway,3481093.0
2025-02-20,Subway,3822211.0
2025-02-19,Subway,3830039.0
2025-02-18,Subway,3698061.0
2025-02-17,Subway,2458343.0
2025-02-16,Subway,1809213.0
2025-02-15,Subway,2355977.0
2025-02-14,Subway,3855445.0
2025-02-13,Subway,4098104.0
2025-02-12,Subway,3940993.0
2025-02-11,Subway,4111749.0
2025-02-10,Subway,3746029.0
2025-02-09,Subway,1850257.0
2025-02-08,Subway,2538395.0
2025-02-07,Subway,3861700.0
2025-02-06,Subway,3885191.0
2025-02-05,Subway,4182058.0
2025-02-04,Subway,4150390.0
2025-02-03,Subway,3695940.0
2025-02-02,Subway,1848424.0
2025-02-01,Subway,2483263.0
2025-01-31,Subway,3624121.0
2025-01-30,Subway,4088389.0
2025-01-29,Subway,3735444.0
2025-01-28,Subway,4057100.0
2025-01-27,Subway,3612704.0
2025-01-26,Subway,1882291.0
2025-01-25,Subway,2486799.0
2025-01-24,Subway,3584146.0
2025-01-23,Subway,3870712.0
2025-01-22,Subway,3745833.0
2025-01-21,Subway,3624134.0
2025-01-20,Subway,2216281.0
2025-01-19,Subway,1828934.0
2025-01-18,Subway,2336087.0
2025-01-17,Subway,3604425.0
2025-01-16,Subway,3919882.0
2025-01-15,Subway,3927198.0
2025-01-14,Subway,3901919.0
2025-01-13,Subway,3565093.0
2025-01-12,Subway,1832507.0
2025-01-11,Subway,2333104.0
2025-01-10,Subway,3561095.0
2025-01-09,Subway,3757580.0
2025-01-08,Subway,3834806.0
2025-01-07,Subway,3784051.0
2025-01-06,Subway,3437198.0
2025-01-05,Subway,1791537.0
2025-01-04,Subway,2315791.0
2025-01-03,Subway,3413456.0
2025-01-02,Subway,3377364.0
2025-01-01,Subway,1779501.0
2024-12-31,Subway,2874166.0
2024-12-30,Subway,3316046.0
2024-12-29,Subway,2122120.0
2024-12-28,Subway,2268511.0
2024-12-27,Subway,3161486.0
2024-12-26,Subway,2852679.0
2024-12-25,Subway,1378374.0
2024-12-24,Subway,2546394.0
2024-12-23,Subway,3216875.0
2024-12-22,Subway,2061173.0
2024-12-21,Subway,2645323.0
2024-12-20,Subway,3842344.0
2024-12-19,Subway,4255466.0
2024-12-18,Subway,4292792.0
2024-12-17,Subway,4341385.0
2024-12-16,Subway,3866550.0
2024-12-15,Subway,2337436.0
2024-12-14,Subway,3123454.0
2024-12-13,Subway,4178812.0
2024-12-12,Subway,4527892.0
2024-12-11,Subway,4255328.0
2024-12-10,Subway,4374063.0
2024-12-09,Subway,3941361.0
2024-12-08,Subway,2348950.0
2024-12-07,Subway,3017208.0
2024-12-06,Subway,4121085.0
2024-12-05,Subway,4354863.0
2024-12-04,Subway,4374883.0
2024-12-03,Subway,4240442.0
2024-12-02,Subway,3813795.0
2024-12-01,Subway,1893492.0
2024-11-30,Subway,2319981.0
2024-11-29,Subway,2677499.0
2024-11-28,Subway,1513447.0
2024-11-27,Subway,3710430.0
2024-11-26,Subway,4030009.0
2024-11-25,Subway,3914213.0
2024-11-24,Subway,2075015.0
2024-11-23,Subway,2720244.0
2024-11-22,Subway,3854860.0
2024-11-21,Subway,4217744.0
2024-11-20,Subway,4298945.0
2024-11-19,Subway,4277932.0
2024-11-18,Subway,3900958.0
2024-11-17,Subway,2101806.0
2024-11-16,Subway,2789132.0
2024-11-15,Subway,3986526.0
2024-11-14,Subway,4296568.0
2024-11-13,Subway,4331024.0
2024-11-12,Subway,4263199.0
2024-11-11,Subway,3277617.0
2024-11-10,Subway,2117144.0
2024-11-09,Subway,2770474.0
2024-11-08,Subway,3971878.0
2024-11-07,Subway,4232190.0
2024-11-06,Subway,4113411.0
2024-11-05,Subway,3640246.0
2024-11-04,Subway,3949699.0
2024-11-03,Subway,2602870.0
2024-11-02,Subway,2817106.0
2024-11-01,Subway,3780874.0
2024-10-31,Subway,4340272.0
2024-10-30,Subway,4417951.0
2024-10-29,Subway,4378791.0
2024-10-28,Subway,3983168.0
2024-10-27,Subway,2208683.0
2024-10-26,Subway,2828539.0
2024-10-25,Subway,4019790.0
2024-10-24,Subway,4304831.0
2024-10-23,Subway,4276606.0
2024-10-22,Subway,4218881.0
2024-10-21,Subway,3842315.0
2024-10-20,Subway,2176476.0
2024-10-19,Subway,2752350.0
2024-10-18,Subway,4030998.0
2024-10-17,Subway,4309633.0
2024-10-16,Subway,4357117.0
2024-10-15,Subway,4284818.0
2024-10-14,Subway,3066851.0
2024-10-13,Subway,2153429.0
2024-10-12,Subway,2587128.0
2024-10-11,Subway,3868564.0
2024-10-10,Subway,4329161.0
2024-10-09,Subway,4313211.0
2024-10-08,Subway,4256950.0
2024-10-07,Subway,3847055.0
2024-10-06,Subway,2065294.0
2024-10-05,Subway,2710146.0
2024-10-04,Subway,3506654.0
2024-10-03,Subway,3627528.0
2024-10-02,Subway,4068073.0
2024-10-01,Subway,4179363.0
2024-09-30,Subway,3849138.0
2024-09-29,Subway,1959363.0
2024-09-28,Subway,2557982.0
2024-09-27,Subway,3945383.0
2024-09-26,Subway,4295723.0
2024-09-25,Subway,4335945.0
2024-09-24,Subway,4323708.0
2024-09-23,Subway,3898806.0
2024-09-22,Subway,2131910.0
2024-09-21,Subway,2744632.0
2024-09-20,Subway,3933048.0
2024-09-19,Subway,4255184.0
2024-09-18,Subway,4232888.0
2024-09-17,Subway,4189311.0
2024-09-16,Subway,3821428.0
2024-09-15,Subway,2161737.0
2024-09-14,Subway,2706474.0
2024-09-13,Subway,3911412.0
2024-09-12,Subway,4232214.0
2024-09-11,Subway,4214707.0
2024-09-10,Subway,4182405.0
2024-09-09,Subway,3811344.0
2024-09-08,Subway,2101048.0
2024-09-07,Subway,2479639.0
2024-09-06,Subway,3794952.0
2024-09-05,Subway,4033322.0
2024-09-04,Subway,3868854.0
2024-09-03,Subway,3629404.0
2024-09-02,Subway,2007446.0
2024-09-01,Subway,1969350.0
2024-08-31,Subway,2158004.0
2024-08-30,Subway,3152242.0
2024-08-29,Subway,3438760.0
2024-08-28,Subway,3516674.0
2024-08-27,Subway,3477101.0
2024-08-26,Subway,3113498.0
2024-08-25,Subway,1905818.0
2024-08-24,Subway,2332624.0
2024-08-23,Subway,3209666.0
2024-08-22,Subway,3427911.0
2024-08-21,Subway,3498651.0
2024-08-20,Subway,3475888.0
2024-08-19,Subway,3076559.0
2024-08-18,Subway,1713050.0
2024-08-17,Subway,2256233.0
2024-08-16,Subway,3198733.0
2024-08-15,Subway,3495671.0
2024-08-14,Subway,3544668.0
2024-08-13,Subway,3491612.0
2024-08-12,Subway,3169180.0
2024-08-11,Subway,1918748.0
2024-08-10,Subway,2356405.0
2024-08-09,Subway,3041276.0
2024-08-08,Subway,3490217.0
2024-08-07,Subway,3511253.0
2024-08-06,Subway,3462581.0
2024-08-05,Subway,3222601.0
2024-08-04,Subway,1752861.0
2024-08-03,Subway,2200373.0
2024-08-02,Subway,3153955.0
2024-08-01,Subway,3544663.0
2024-07-31,Subway,3576343.0
2024-07-30,Subway,3590241.0
2024-07-29,Subway,3202281.0
2024-07-28,Subway,1851383.0
2024-07-27,Subway,2306948.0
2024-07-26,Subway,3288849.0
2024-07-25,Subway,3638351.0
2024-07-24,Subway,3656472.0
2024-07-23,Subway,3606656.0
2024-07-22,Subway,3235343.0
2024-07-21,Subway,1877704.0
2024-07-20,Subway,2269647.0
2024-07-19,Subway,3372874.0
2024-07-18,Subway,3637826.0
2024-07-17,Subway,3651756.0
2024-07-16,Subway,3594150.0
2024-07-15,Subway,3259800.0
2024-07-14,Subway,1869670.0
2024-07-13,Subway,2203283.0
2024-07-12,Subway,3261074.0
2024-07-11,Subway,3688029.0
2024-07-10,Subway,3691835.0
2024-07-09,Subway,3605032.0
2024-07-08,Subway,3228784.0
2024-07-07,Subway,1804572.0
2024-07-06,Subway,2100877.0
2024-07-05,Subway,2700734.0
2024-07-04,Subway,1992244.0
2024-07-03,Subway,3409357.0
2024-07-02,Subway,3542073.0
2024-07-01,Subway,3273546.0
2024-06-30,Subway,2002269.0
2024-06-29,Subway,2454997.0
2024-06-28,Subway,3522732.0
2024-06-27,Subway,3776811.0
2024-06-26,Subway,3901100.0
2024-06-25,Subway,3831447.0
2024-06-24,Subway,3467845.0
2024-06-23,Subway,1908786.0
2024-06-22,Subway,2385207.0
2024-06-21,Subway,3500365.0
2024-06-20,Subway,3857797.0
2024-06-19,Subway,3046320.0
2024-06-18,Subway,3920839.0
2024-06-17,Subway,3325104.0
2024-06-16,Subway,1897201.0
2024-06-15,Subway,2431810.0
2024-06-14,Subway,3517062.0
2024-06-13,Subway,3936941.0
2024-06-12,Subway,3977760.0
2024-06-11,Subway,3995425.0
2024-06-10,Subway,3702212.0
2024-06-09,Subway,2134551.0
2024-06-08,Subway,2673220.0
2024-06-07,Subway,3752412.0
2024-06-06,Subway,3774324.0
2024-06-05,Subway,4051943.0
2024-06-04,Subway,3979793.0
2024-06-03,Subway,3611491.0
2024-06-02,Subway,1978037.0
2024-06-01,Subway,2446153.0
2024-05-31,Subway,3688627.0
2024-05-30,Subway,3979959.0
2024-05-29,Subway,4006764.0
2024-05-28,Subway,3825781.0
2024-05-27,Subway,1667890.0
2024-05-26,Subway,2019012.0
2024-05-25,Subway,2347159.0
2024-05-24,Subway,3583244.0
2024-05-23,Subway,3863099.0
2024-05-22,Subway,4104021.0
2024-05-21,Subway,4029557.0
2024-05-20,Subway,3682061.0
2024-05-19,Subway,2121485.0
2024-05-18,Subway,2691368.0
2024-05-17,Subway,3816914.0
2024-05-16,Subway,4105026.0
2024-05-15,Subway,4114615.0
2024-05-14,Subway,4116655.0
2024-05-13,Subway,3703066.0
2024-05-12,Subway,1858872.0
2024-05-11,Subway,2648580.0
2024-05-10,Subway,3677268.0
2024-05-09,Subway,4086528.0
2024-05-08,Subway,4087477.0
2024-05-07,Subway,4098321.0
2024-05-06,Subway,3652105.0
2024-05-05,Subway,1889174.0
2024-05-04,Subway,2563658.0
2024-05-03,Subway,3780888.0
2024-05-02,Subway,4061242.0
2024-05-01,Subway,4032791.0
2024-04-30,Subway,3638986.0
2024-04-29,Subway,3323706.0
2024-04-28,Subway,2084950.0
2024-04-27,Subway,2506779.0
2024-04-26,Subway,3431590.0
2024-04-25,Subway,3723894.0
2024-04-24,Subway,3608010.0
2024-04-23,Subway,3522218.0
2024-04-22,Subway,3219677.0
2024-04-21,Subway,1918237.0
2024-04-20,Subway,2537525.0
2024-04-19,Subway,3705782.0
2024-04-18,Subway,3966226.0
2024-04-17,Subway,4021256.0
2024-04-16,Subway,4033514.0
2024-04-15,Subway,3704177.0
2024-04-14,Subway,2068885.0
2024-04-13,Subway,2535112.0
2024-04-12,Subway,3668439.0
2024-04-11,Subway,4000485.0
2024-04-10,Subway,3791945.0
2024-04-09,Subway,4042674.0
2024-04-08,Subway,3506719.0
2024-04-07,Subway,1899641.0
2024-04-06,Subway,2477127.0
2024-04-05,Subway,3800800.0
2024-04-04,Subway,4100733.0
2024-04-03,Subway,3890305.0
2024-04-02,Subway,3900061.0
2024-04-01,Subway,3321989.0
2024-03-31,Subway,1936295.0
2024-03-30,Subway,2526569.0
2024-03-29,Subway,3372535.0
2024-03-28,Subway,3910547.0
2024-03-27,Subway,4014011.0
2024-03-26,Subway,3969793.0
2024-03-25,Subway,3583716.0
2024-03-24,Subway,1912946.0
2024-03-23,Subway,1863863.0
2024-03-22,Subway,3581959.0
2024-03-21,Subway,3862248.0
2024-03-20,Subway,3886104.0
2024-03-19,Subway,3869116.0
2024-03-18,Subway,3482565.0
2024-03-17,Subway,1972170.0
2024-03-16,Subway,2553056.0
2024-03-15,Subway,3643013.0
2024-03-14,Subway,4049186.0
2024-03-13,Subway,4024943.0
2024-03-12,Subway,3988438.0
2024-03-11,Subway,3497588.0
2024-03-10,Subway,1803578.0
2024-03-09,Subway,2128635.0
2024-03-08,Subway,3685219.0
2024-03-07,Subway,3893731.0
2024-03-06,Subway,3865589.0
2024-03-05,Subway,3819514.0
2024-03-04,Subway,3539671.0
2024-03-03,Subway,1961510.0
2024-03-02,Subway,2094029.0
2024-03-01,Subway,3573658.0
2024-02-29,Subway,3905888.0
2024-02-28,Subway,3784177.0
2024-02-27,Subway,3802458.0
2024-02-26,Subway,3439079.0
2024-02-25,Subway,1740477.0
2024-02-24,Subway,2308808.0
2024-02-23,Subway,3219121.0
2024-02-22,Subway,3588173.0
2024-02-21,Subway,3591484.0
2024-02-20,Subway,3490990.0
2024-02-19,Subway,2244741.0
2024-02-18,Subway,1850840.0
2024-02-17,Subway,2178047.0
2024-02-16,Subway,3504536.0
2024-02-15,Subway,3874860.0
2024-02-14,Subway,3963628.0
2024-02-13,Subway,2273584.0
2024-02-12,Subway,3374596.0
2024-02-11,Subway,1774698.0
2024-02-10,Subway,2385448.0
2024-02-09,Subway,3547321.0
2024-02-08,Subway,3903673.0
2024-02-07,Subway,3900992.0
2024-02-06,Subway,3857533.0
2024-02-05,Subway,3481777.0
2024-02-04,Subway,1742107.0
2024-02-03,Subway,2324038.0
2024-02-02,Subway,3457807.0
2024-02-01,Subway,3814682.0
2024-01-31,Subway,3808584.0
2024-01-30,Subway,3717520.0
2024-01-29,Subway,3297571.0
2024-01-28,Subway,1549077.0
2024-01-27,Subway,2283244.0
2024-01-26,Subway,3380816.0
2024-01-25,Subway,3681867.0
2024-01-24,Subway,3666907.0
2024-01-23,Subway,3652488.0
2024-01-22,Subway,3305387.0
2024-01-21,Subway,1576126.0
2024-01-20,Subway,2024041.0
2024-01-19,Subway,3176408.0
2024-01-18,Subway,3655850.0
2024-01-17,Subway,3616923.0
2024-01-16,Subway,3235935.0
2024-01-15,Subway,2169917.0
2024-01-14,Subway,1743556.0
2024-01-13,Subway,2167383.0
2024-01-12,Subway,3365791.0
2024-01-11,Subway,3688916.0
2024-01-10,Subway,3557166.0
2024-01-09,Subway,3353192.0
2024-01-08,Subway,3303727.0
2024-01-07,Subway,1472438.0
2024-01-06,Subway,1942458.0
2024-01-05,Subway,3263064.0
2024-01-04,Subway,3560703.0
2024-01-03,Subway,3555082.0
2024-01-02,Subway,3290639.0
2024-01-01,Subway,1648734.0
2023-12-31,Subway,1934651.0
2023-12-30,Subway,2440211.0
2023-12-29,Subway,3198885.0
2023-12-28,Subway,3064841.0
2023-12-27,Subway,2912007.0
2023-12-26,Subway,2668642.0
2023-12-25,Subway,1273729.0
2023-12-24,Subway,1657096.0
2023-12-23,Subway,2244175.0
2023-12-22,Subway,3372318.0
2023-12-21,Subway,3675448.0
2023-12-20,Subway,3838407.0
2023-12-19,Subway,3912934.0
2023-12-18,Subway,3314782.0
2023-12-17,Subway,1954707.0
2023-12-16,Subway,2866544.0
2023-12-15,Subway,3845234.0
2023-12-14,Subway,4122091.0
2023-12-13,Subway,4067457.0
2023-12-12,Subway,4051574.0
2023-12-11,Subway,3642743.0
2023-12-10,Subway,1838048.0
2023-12-09,Subway,2922085.0
2023-12-08,Subway,3863961.0
2023-12-07,Subway,4088438.0
2023-12-06,Subway,4116059.0
2023-12-05,Subway,3991835.0
2023-12-04,Subway,3709458.0
2023-12-03,Subway,1827959.0
2023-12-02,Subway,2748170.0
2023-12-01,Subway,3723171.0
2023-11-30,Subway,4072271.0
2023-11-29,Subway,4032882.0
2023-11-28,Subway,3916476.0
2023-11-27,Subway,3523494.0
2023-11-26,Subway,1686490.0
2023-11-25,Subway,2123590.0
2023-11-24,Subway,2457591.0
2023-11-23,Subway,1628385.0
2023-11-22,Subway,3378351.0
2023-11-21,Subway,3774952.0
2023-11-20,Subway,3647283.0
2023-11-19,Subway,1943926.0
2023-11-18,Subway,2477547.0
2023-11-17,Subway,3741391.0
2023-11-16,Subway,4048862.0
2023-11-15,Subway,4036442.0
2023-11-14,Subway,3991767.0
2023-11-13,Subway,3597029.0
2023-11-12,Subway,1947270.0
2023-11-11,Subway,2588540.0
2023-11-10,Subway,3611367.0
2023-11-09,Subway,4020939.0
2023-11-08,Subway,4066029.0
2023-11-07,Subway,3655078.0
2023-11-06,Subway,3686141.0
2023-11-05,Subway,2310457.0
2023-11-04,Subway,2588115.0
2023-11-03,Subway,3808235.0
2023-11-02,Subway,4082807.0
2023-11-01,Subway,4043524.0
2023-10-31,Subway,4016482.0
2023-10-30,Subway,3623778.0
2023-10-29,Subway,1834459.0
2023-10-28,Subway,2743759.0
2023-10-27,Subway,3853546.0
2023-10-26,Subway,4142420.0
2023-10-25,Subway,4120011.0
2023-10-24,Subway,4040571.0
2023-10-23,Subway,3667240.0
2023-10-22,Subway,1983271.0
2023-10-21,Subway,2438387.0
2023-10-20,Subway,3616336.0
2023-10-19,Subway,4121563.0
2023-10-18,Subway,4074460.0
2023-10-17,Subway,4021342.0
2023-10-16,Subway,3661144.0
2023-10-15,Subway,2013096.0
2023-10-14,Subway,2219786.0
2023-10-13,Subway,3560964.0
2023-10-12,Subway,4104598.0
2023-10-11,Subway,4056504.0
2023-10-10,Subway,3954925.0
2023-10-09,Subway,2833654.0
2023-10-08,Subway,2044534.0
2023-10-07,Subway,2199478.0
2023-10-06,Subway,3639729.0
2023-10-05,Subway,4030304.0
2023-10-04,Subway,4026878.0
2023-10-03,Subway,4008201.0
2023-10-02,Subway,3649389.0
2023-10-01,Subway,1995361.0
2023-09-30,Subway,2205573.0
2023-09-29,Subway,2467295.0
2023-09-28,Subway,4051444.0
2023-09-27,Subway,4074930.0
2023-09-26,Subway,3946624.0
2023-09-25,Subway,2885921.0
2023-09-24,Subway,1701656.0
2023-09-23,Subway,2116140.0
2023-09-22,Subway,3840412.0
2023-09-21,Subway,4139288.0
2023-09-20,Subway,4179861.0
2023-09-19,Subway,4140301.0
2023-09-18,Subway,3539047.0
2023-09-17,Subway,1988003.0
2023-09-16,Subway,2446139.0
2023-09-15,Subway,3694845.0
2023-09-14,Subway,4045169.0
2023-09-13,Subway,3938516.0
2023-09-12,Subway,4014480.0
2023-09-11,Subway,3596538.0
2023-09-10,Subway,1822230.0
2023-09-09,Subway,2425515.0
2023-09-08,Subway,3609701.0
2023-09-07,Subway,3867746.0
2023-09-06,Subway,3712071.0
2023-09-05,Subway,3483755.0
2023-09-04,Subway,1879819.0
2023-09-03,Subway,2013506.0
2023-09-02,Subway,2307416.0
2023-09-01,Subway,3196284.0
2023-08-31,Subway,3450532.0
2023-08-30,Subway,3462970.0
2023-08-29,Subway,3401088.0
2023-08-28,Subway,3121505.0
2023-08-27,Subway,1909806.0
2023-08-26,Subway,2281885.0
2023-08-25,Subway,3034255.0
2023-08-24,Subway,3297927.0
2023-08-23,Subway,3412842.0
2023-08-22,Subway,3352769.0
2023-08-21,Subway,2971166.0
2023-08-20,Subway,1870625.0
2023-08-19,Subway,2358962.0
2023-08-18,Subway,3182516.0
2023-08-17,Subway,3385056.0
2023-08-16,Subway,3447648.0
2023-08-15,Subway,3385996.0
2023-08-14,Subway,3092801.0
2023-08-13,Subway,1953558.0
2023-08-12,Subway,2366787.0
2023-08-11,Subway,3311714.0
2023-08-10,Subway,3429304.0
2023-08-09,Subway,3613062.0
2023-08-08,Subway,3510047.0
2023-08-07,Subway,3041001.0
2023-08-06,Subway,1910841.0
2023-08-05,Subway,2364364.0
2023-08-04,Subway,3228510.0
2023-08-03,Subway,3609076.0
2023-08-02,Subway,3640307.0
2023-08-01,Subway,3598379.0
2023-07-31,Subway,3204920.0
2023-07-30,Subway,1952433.0
2023-07-29,Subway,2251524.0
2023-07-28,Subway,3266199.0
2023-07-27,Subway,3580012.0
2023-07-26,Subway,3758378.0
2023-07-25,Subway,3630414.0
2023-07-24,Subway,3255379.0
2023-07-23,Subway,1984503.0
2023-07-22,Subway,2459990.0
2023-07-21,Subway,3227154.0
2023-07-20,Subway,3711017.0
2023-07-19,Subway,3679343.0
2023-07-18,Subway,3584819.0
2023-07-17,Subway,3282092.0
2023-07-16,Subway,1599858.0
2023-07-15,Subway,2326054.0
2023-07-14,Subway,3209393.0
2023-07-13,Subway,3648007.0
2023-07-12,Subway,3696737.0
2023-07-11,Subway,3613670.0
2023-07-10,Subway,3208730.0
2023-07-09,Subway,1776607.0
2023-07-08,Subway,2308794.0
2023-07-07,Subway,3292266.0
2023-07-06,Subway,3494806.0
2023-07-05,Subway,3318379.0
2023-07-04,Subway,1791179.0
2023-07-03,Subway,2662052.0
2023-07-02,Subway,1783757.0
2023-07-01,Subway,2239529.0
2023-06-30,Subway,3259767.0
2023-06-29,Subway,3653631.0
2023-06-28,Subway,3634270.0
2023-06-27,Subway,3744227.0
2023-06-26,Subway,3341322.0
2023-06-25,Subway,2222704.0
2023-06-24,Subway,2467994.0
2023-06-23,Subway,3470575.0
2023-06-22,Subway,3782472.0
2023-06-21,Subway,3902298.0
2023-06-20,Subway,3782810.0
2023-06-19,Subway,2636887.0
2023-06-18,Subway,1977582.0
2023-06-17,Subway,2399521.0
2023-06-16,Subway,3395938.0
2023-06-15,Subway,3928393.0
2023-06-14,Subway,3893073.0
2023-06-13,Subway,3968160.0
2023-06-12,Subway,3479404.0
2023-06-11,Subway,2075651.0
2023-06-10,Subway,2608756.0
2023-06-09,Subway,3425232.0
2023-06-08,Subway,3268529.0
2023-06-07,Subway,3743889.0
2023-06-06,Subway,3929131.0
2023-06-05,Subway,3544106.0
2023-06-04,Subway,1988330.0
2023-06-03,Subway,2411704.0
2023-06-02,Subway,3626490.0
2023-06-01,Subway,3894167.0
2023-05-31,Subway,3911382.0
2023-05-30,Subway,3714864.0
2023-05-29,Subway,1952779.0
2023-05-28,Subway,2029088.0
2023-05-27,Subway,2375741.0
2023-05-26,Subway,3496511.0
2023-05-25,Subway,3859385.0
2023-05-24,Subway,3960264.0
2023-05-23,Subway,3929003.0
2023-05-22,Subway,3571748.0
2023-05-21,Subway,2132724.0
2023-05-20,Subway,2314672.0
2023-05-19,Subway,3789929.0
2023-05-18,Subway,4082154.0
2023-05-17,Subway,4104786.0
2023-05-16,Subway,4002015.0
2023-05-15,Subway,3553443.0
2023-05-14,Subway,1926966.0
2023-05-13,Subway,2487178.0
2023-05-12,Subway,3723192.0
2023-05-11,Subway,4015942.0
2023-05-10,Subway,4014009.0
2023-05-09,Subway,3925555.0
2023-05-08,Subway,3563340.0
2023-05-07,Subway,2033790.0
2023-05-06,Subway,2563102.0
2023-05-05,Subway,3759375.0
2023-05-04,Subway,3985001.0
2023-05-03,Subway,4030601.0
2023-05-02,Subway,3961858.0
2023-05-01,Subway,3664755.0
2023-04-30,Subway,1744098.0
2023-04-29,Subway,2179978.0
2023-04-28,Subway,3703088.0
2023-04-27,Subway,3999831.0
2023-04-26,Subway,3994837.0
2023-04-25,Subway,3956922.0
2023-04-24,Subway,3561262.0
2023-04-23,Subway,1923243.0
2023-04-22,Subway,2506140.0
2023-04-21,Subway,3492257.0
2023-04-20,Subway,4002433.0
2023-04-19,Subway,3927706.0
2023-04-18,Subway,3862133.0
2023-04-17,Subway,3418834.0
2023-04-16,Subway,1864753.0
2023-04-15,Subway,2365464.0
2023-04-14,Subway,3471420.0
2023-04-13,Subway,3628304.0
2023-04-12,Subway,3576687.0
2023-04-11,Subway,3537843.0
2023-04-10,Subway,3142740.0
2023-04-09,Subway,1855826.0
2023-04-08,Subway,2393347.0
2023-04-07,Subway,3130675.0
2023-04-06,Subway,3421271.0
2023-04-05,Subway,3799965.0
2023-04-04,Subway,3906882.0
2023-04-03,Subway,3597785.0
2023-04-02,Subway,1949665.0
2023-04-01,Subway,2283533.0
2023-03-31,Subway,3573735.0
2023-03-30,Subway,3860289.0
2023-03-29,Subway,3872948.0
2023-03-28,Subway,3765920.0
2023-03-27,Subway,3397258.0
2023-03-26,Subway,1939984.0
2023-03-25,Subway,2153554.0
2023-03-24,Subway,3534300.0
2023-03-23,Subway,3774396.0
2023-03-22,Subway,3797399.0
2023-03-21,Subway,3801084.0
2023-03-20,Subway,3442589.0
2023-03-19,Subway,1894476.0
2023-03-18,Subway,2417873.0
2023-03-17,Subway,3661519.0
2023-03-16,Subway,3949788.0
2023-03-15,Subway,3912366.0
2023-03-14,Subway,3577250.0
2023-03-13,Subway,3352388.0
2023-03-12,Subway,1773585.0
2023-03-11,Subway,2230530.0
2023-03-10,Subway,3502339.0
2023-03-09,Subway,3827656.0
2023-03-08,Subway,3842861.0
2023-03-07,Subway,3773780.0
2023-03-06,Subway,3427019.0
2023-03-05,Subway,1772121.0
2023-03-04,Subway,2173217.0
2023-03-03,Subway,3481830.0
2023-03-02,Subway,3765925.0
2023-03-01,Subway,3780713.0
2023-02-28,Subway,3412079.0
2023-02-27,Subway,3337916.0
2023-02-26,Subway,1625191.0
2023-02-25,Subway,2043635.0
2023-02-24,Subway,3246699.0
2023-02-23,Subway,3498367.0
2023-02-22,Subway,3454362.0
2023-02-21,Subway,3325542.0
2023-02-20,Subway,2238557.0
2023-02-19,Subway,1824136.0
2023-02-18,Subway,2271106.0
2023-02-17,Subway,3253165.0
2023-02-16,Subway,3683782.0
2023-02-15,Subway,3762817.0
2023-02-14,Subway,3812943.0
2023-02-13,Subway,3303337.0
2023-02-12,Subway,1746099.0
2023-02-11,Subway,2333625.0
2023-02-10,Subway,3539529.0
2023-02-09,Subway,3754859.0
2023-02-08,Subway,3780682.0
2023-02-07,Subway,3738539.0
2023-02-06,Subway,3372445.0
2023-02-05,Subway,1625375.0
2023-02-04,Subway,1742435.0
2023-02-03,Subway,3189550.0
2023-02-02,Subway,3699932.0
2023-02-01,Subway,3682758.0
2023-01-31,Subway,3654404.0
2023-01-30,Subway,3223530.0
2023-01-29,Subway,1637398.0
2023-01-28,Subway,2248107.0
2023-01-27,Subway,3335372.0
2023-01-26,Subway,3629029.0
2023-01-25,Subway,3511071.0
2023-01-24,Subway,3566756.0
2023-01-23,Subway,3135214.0
2023-01-22,Subway,1593386.0
2023-01-21,Subway,2137169.0
2023-01-20,Subway,3375887.0
2023-01-19,Subway,3492226.0
2023-01-18,Subway,3603344.0
2023-01-17,Subway,3451604.0
2023-01-16,Subway,2172218.0
2023-01-15,Subway,1705804.0
2023-01-14,Subway,2072387.0
2023-01-13,Subway,3270020.0
2023-01-12,Subway,3472709.0
2023-01-11,Subway,3508962.0
2023-01-10,Subway,3469177.0
2023-01-09,Subway,3145743.0
2023-01-08,Subway,1610764.0
2023-01-07,Subway,2116138.0
2023-01-06,Subway,3229858.0
2023-01-05,Subway,3428520.0
2023-01-04,Subway,3413052.0
2023-01-03,Subway,3175777.0
2023-01-02,Subway,1938154.0
2023-01-01,Subway,1675507.0
2022-12-31,Subway,1927101.0
2022-12-30,Subway,3063480.0
2022-12-29,Subway,3039432.0
2022-12-28,Subway,2947028.0
2022-12-27,Subway,2729514.0
2022-12-26,Subway,1812842.0
2022-12-25,Subway,1008452.0
2022-12-24,Subway,1411469.0
2022-12-23,Subway,2738016.0
2022-12-22,Subway,3187083.0
2022-12-21,Subway,3563236.0
2022-12-20,Subway,3586084.0
2022-12-19,Subway,3381411.0
2022-12-18,Subway,1967199.0
2022-12-17,Subway,2577771.0
2022-12-16,Subway,3270016.0
2022-12-15,Subway,3726154.0
2022-12-14,Subway,3777173.0
2022-12-13,Subway,3763568.0
2022-12-12,Subway,3466978.0
2022-12-11,Subway,1865579.0
2022-12-10,Subway,2663493.0
2022-12-09,Subway,3710928.0
2022-12-08,Subway,3931499.0
2022-12-07,Subway,3835333.0
2022-12-06,Subway,3753299.0
2022-12-05,Subway,3481640.0
2022-12-04,Subway,1990479.0
2022-12-03,Subway,2291687.0
2022-12-02,Subway,3600504.0
2022-12-01,Subway,3770495.0
2022-11-30,Subway,3568413.0
2022-11-29,Subway,3596894.0
2022-11-28,Subway,3265971.0
2022-11-27,Subway,1476228.0
2022-11-26,Subway,1999608.0
2022-11-25,Subway,2058658.0
2022-11-24,Subway,1382266.0
2022-11-23,Subway,3263998.0
2022-11-22,Subway,3548882.0
2022-11-21,Subway,3363626.0
2022-11-20,Subway,1721187.0
2022-11-19,Subway,2323449.0
2022-11-18,Subway,3539202.0
2022-11-17,Subway,3797815.0
2022-11-16,Subway,3751773.0
2022-11-15,Subway,3713627.0
2022-11-14,Subway,3401075.0
2022-11-13,Subway,1794024.0
2022-11-12,Subway,2431419.0
2022-11-11,Subway,2994708.0
2022-11-10,Subway,3802230.0
2022-11-09,Subway,3772030.0
2022-11-08,Subway,3431700.0
2022-11-07,Subway,3456868.0
2022-11-06,Subway,2116063.0
2022-11-05,Subway,2449943.0
2022-11-04,Subway,3586358.0
2022-11-03,Subway,3802455.0
2022-11-02,Subway,3788123.0
2022-11-01,Subway,3706707.0
2022-10-31,Subway,3410892.0
2022-10-30,Subway,1875953.0
2022-10-29,Subway,2440601.0
2022-10-28,Subway,3624748.0
2022-10-27,Subway,3892985.0
2022-10-26,Subway,3794534.0
2022-10-25,Subway,3712582.0
2022-10-24,Subway,3357840.0
2022-10-23,Subway,1740520.0
2022-10-22,Subway,2430406.0
2022-10-21,Subway,3570334.0
2022-10-20,Subway,3810901.0
2022-10-19,Subway,3814404.0
2022-10-18,Subway,3693627.0
2022-10-17,Subway,3314497.0
2022-10-16,Subway,1773903.0
2022-10-15,Subway,2363501.0
2022-10-14,Subway,3578772.0
2022-10-13,Subway,3682799.0
2022-10-12,Subway,3776129.0
2022-10-11,Subway,3649405.0
2022-10-10,Subway,2556722.0
2022-10-09,Subway,1917721.0
2022-10-08,Subway,2397249.0
2022-10-07,Subway,3591080.0
2022-10-06,Subway,3848909.0
2022-10-05,Subway,3077346.0
2022-10-04,Subway,3397689.0
2022-10-03,Subway,3370048.0
2022-10-02,Subway,1621851.0
2022-10-01,Subway,2032983.0
2022-09-30,Subway,3503239.0
2022-09-29,Subway,3707751.0
2022-09-28,Subway,3712354.0
2022-09-27,Subway,3204114.0
2022-09-26,Subway,2812853.0
2022-09-25,Subway,1759832.0
2022-09-24,Subway,2377091.0
2022-09-23,Subway,3626482.0
2022-09-22,Subway,3732919.0
2022-09-21,Subway,3878782.0
2022-09-20,Subway,3767024.0
2022-09-19,Subway,3369999.0
2022-09-18,Subway,1844317.0
2022-09-17,Subway,2350888.0
2022-09-16,Subway,3502358.0
2022-09-15,Subway,3747731.0
2022-09-14,Subway,3741978.0
2022-09-13,Subway,3618354.0
2022-09-12,Subway,3382150.0
2022-09-11,Subway,1737251.0
2022-09-10,Subway,2356865.0
2022-09-09,Subway,3481756.0
2022-09-08,Subway,3644407.0
2022-09-07,Subway,3444556.0
2022-09-06,Subway,3063503.0
2022-09-05,Subway,1691887.0
2022-09-04,Subway,1802349.0
2022-09-03,Subway,2116811.0
2022-09-02,Subway,2925306.0
2022-09-01,Subway,3114667.0
2022-08-31,Subway,3144027.0
2022-08-30,Subway,3091873.0
2022-08-29,Subway,2836374.0
2022-08-28,Subway,1651689.0
2022-08-27,Subway,2066542.0
2022-08-26,Subway,2863653.0
2022-08-25,Subway,3090901.0
2022-08-24,Subway,3020710.0
2022-08-23,Subway,2992615.0
2022-08-22,Subway,2622885.0
2022-08-21,Subway,1619422.0
2022-08-20,Subway,2038622.0
2022-08-19,Subway,2918737.0
2022-08-18,Subway,3077928.0
2022-08-17,Subway,3074027.0
2022-08-16,Subway,3045892.0
2022-08-15,Subway,2768347.0
2022-08-14,Subway,1677803.0
2022-08-13,Subway,2089217.0
2022-08-12,Subway,2963913.0
2022-08-11,Subway,3093548.0
2022-08-10,Subway,3134434.0
2022-08-09,Subway,3013784.0
2022-08-08,Subway,2705428.0
2022-08-07,Subway,1542311.0
2022-08-06,Subway,1999580.0
2022-08-05,Subway,2822155.0
2022-08-04,Subway,3049076.0
2022-08-03,Subway,3124038.0
2022-08-02,Subway,3070101.0
2022-08-01,Subway,2739262.0
2022-07-31,Subway,1649097.0
2022-07-30,Subway,2074421.0
2022-07-29,Subway,2932846.0
2022-07-28,Subway,3151913.0
2022-07-27,Subway,3232796.0
2022-07-26,Subway,3175001.0
2022-07-25,Subway,2727722.0
2022-07-24,Subway,1596195.0
2022-07-23,Subway,2028696.0
2022-07-22,Subway,2942752.0
2022-07-21,Subway,3109097.0
2022-07-20,Subway,3190942.0
2022-07-19,Subway,3169016.0
2022-07-18,Subway,2720012.0
2022-07-17,Subway,1674922.0
2022-07-16,Subway,2093206.0
2022-07-15,Subway,3021651.0
2022-07-14,Subway,3203104.0
2022-07-13,Subway,3229387.0
2022-07-12,Subway,3148320.0
2022-07-11,Subway,2876587.0
2022-07-10,Subway,1681041.0
2022-07-09,Subway,2061419.0
2022-07-08,Subway,2902322.0
2022-07-07,Subway,3115604.0
2022-07-06,Subway,3066462.0
2022-07-05,Subway,2802814.0
2022-07-04,Subway,1608084.0
2022-07-03,Subway,1654774.0
2022-07-02,Subway,1847093.0
2022-07-01,Subway,2827549.0
2022-06-30,Subway,3151572.0
2022-06-29,Subway,3249261.0
2022-06-28,Subway,3248338.0
2022-06-27,Subway,2932598.0
2022-06-26,Subway,2011977.0
2022-06-25,Subway,2286963.0
2022-06-24,Subway,3296412.0
2022-06-23,Subway,3407485.0
2022-06-22,Subway,3357113.0
2022-06-21,Subway,3339793.0
2022-06-20,Subway,2460659.0
2022-06-19,Subway,1725762.0
2022-06-18,Subway,2186635.0
2022-06-17,Subway,3247379.0
2022-06-16,Subway,3409624.0
2022-06-15,Subway,3526802.0
2022-06-14,Subway,3494822.0
2022-06-13,Subway,3168681.0
2022-06-12,Subway,1674607.0
2022-06-11,Subway,2231451.0
2022-06-10,Subway,3376125.0
2022-06-09,Subway,3297157.0
2022-06-08,Subway,3492805.0
2022-06-07,Subway,3392224.0
2022-06-06,Subway,3092181.0
2022-06-05,Subway,1724983.0
2022-06-04,Subway,2178024.0
2022-06-03,Subway,3283271.0
2022-06-02,Subway,3351902.0
2022-06-01,Subway,3381297.0
2022-05-31,Subway,3176109.0
2022-05-30,Subway,1694970.0
2022-05-29,Subway,1755236.0
2022-05-28,Subway,1872775.0
2022-05-27,Subway,3031130.0
2022-05-26,Subway,3341059.0
2022-05-25,Subway,3426530.0
2022-05-24,Subway,3378506.0
2022-05-23,Subway,3111755.0
2022-05-22,Subway,1760638.0
2022-05-21,Subway,2324245.0
2022-05-20,Subway,3271914.0
2022-05-19,Subway,3467327.0
2022-05-18,Subway,3605606.0
2022-05-17,Subway,3536021.0
2022-05-16,Subway,3080043.0
2022-05-15,Subway,1760359.0
2022-05-14,Subway,2149046.0
2022-05-13,Subway,3252002.0
2022-05-12,Subway,3430104.0
2022-05-11,Subway,3440378.0
2022-05-10,Subway,3412902.0
2022-05-09,Subway,3114506.0
2022-05-08,Subway,1582133.0
2022-05-07,Subway,1842808.0
2022-05-06,Subway,3190556.0
2022-05-05,Subway,3502522.0
2022-05-04,Subway,3364902.0
2022-05-03,Subway,3402882.0
2022-05-02,Subway,2732825.0
2022-05-01,Subway,1683953.0
2022-04-30,Subway,2108746.0
2022-04-29,Subway,3257634.0
2022-04-28,Subway,3404938.0
2022-04-27,Subway,3432282.0
2022-04-26,Subway,3281657.0
2022-04-25,Subway,3026541.0
2022-04-24,Subway,1655860.0
2022-04-23,Subway,2109188.0
2022-04-22,Subway,2985684.0
2022-04-21,Subway,3033422.0
2022-04-20,Subway,3098046.0
2022-04-19,Subway,2962130.0
2022-04-18,Subway,2676254.0
2022-04-17,Subway,1512633.0
2022-04-16,Subway,1986306.0
2022-04-15,Subway,2761532.0
2022-04-14,Subway,3297697.0
2022-04-13,Subway,3220964.0
2022-04-12,Subway,3078069.0
2022-04-11,Subway,3205728.0
2022-04-10,Subway,1707748.0
2022-04-09,Subway,2190396.0
2022-04-08,Subway,3347754.0
2022-04-07,Subway,3307076.0
2022-04-06,Subway,3311547.0
2022-04-05,Subway,3356454.0
2022-04-04,Subway,3127667.0
2022-04-03,Subway,1463932.0
2022-04-02,Subway,2128435.0
2022-04-01,Subway,3237107.0
2022-03-31,Subway,3323135.0
2022-03-30,Subway,3336073.0
2022-03-29,Subway,3291883.0
2022-03-28,Subway,2989874.0
2022-03-27,Subway,1534056.0
2022-03-26,Subway,2024596.0
2022-03-25,Subway,3218970.0
2022-03-24,Subway,3212181.0
2022-03-23,Subway,3275708.0
2022-03-22,Subway,3276940.0
2022-03-21,Subway,3034759.0
2022-03-20,Subway,1656673.0
2022-03-19,Subway,2001839.0
2022-03-18,Subway,3275433.0
2022-03-17,Subway,3175784.0
2022-03-16,Subway,3332335.0
2022-03-15,Subway,3275906.0
2022-03-14,Subway,3008800.0
2022-03-13,Subway,1479406.0
2022-03-12,Subway,1663893.0
2022-03-11,Subway,3195956.0
2022-03-10,Subway,3339363.0
2022-03-09,Subway,3113559.0
2022-03-08,Subway,3244473.0
2022-03-07,Subway,2980920.0
2022-03-06,Subway,1444501.0
2022-03-05,Subway,1955535.0
2022-03-04,Subway,3077537.0
2022-03-03,Subway,3207495.0
2022-03-02,Subway,3208166.0
2022-03-01,Subway,3138181.0
2022-02-28,Subway,2915786.0
2022-02-27,Subway,1403227.0
2022-02-26,Subway,1824833.0
2022-02-25,Subway,2575630.0
2022-02-24,Subway,2858146.0
2022-02-23,Subway,2894245.0
2022-02-22,Subway,2669508.0
2022-02-21,Subway,1942267.0
2022-02-20,Subway,1477125.0
2022-02-19,Subway,1792136.0
2022-02-18,Subway,2953785.0
2022-02-17,Subway,3109956.0
2022-02-16,Subway,3100639.0
2022-02-15,Subway,3030742.0
2022-02-14,Subway,2907825.0
2022-02-13,Subway,1349864.0
2022-02-12,Subway,2026308.0
2022-02-11,Subway,3015472.0
2022-02-10,Subway,3112489.0
2022-02-09,Subway,3088775.0
2022-02-08,Subway,3016648.0
2022-02-07,Subway,2784230.0
2022-02-06,Subway,1323892.0
2022-02-05,Subway,1792780.0
2022-02-04,Subway,2725725.0
2022-02-03,Subway,2914198.0
2022-02-02,Subway,2940152.0
2022-02-01,Subway,2635083.0
2022-01-31,Subway,2575762.0
2022-01-30,Subway,1262477.0
2022-01-29,Subway,999347.0
2022-01-28,Subway,2703403.0
2022-01-27,Subway,2724979.0
2022-01-26,Subway,2711803.0
2022-01-25,Subway,2701246.0
2022-01-24,Subway,2536827.0
2022-01-23,Subway,1245716.0
2022-01-22,Subway,1583650.0
2022-01-21,Subway,2565781.0
2022-01-20,Subway,2545486.0
2022-01-19,Subway,2642129.0
2022-01-18,Subway,2541044.0
2022-01-17,Subway,1600048.0
2022-01-16,Subway,1165626.0
2022-01-15,Subway,1434676.0
2022-01-14,Subway,2522972.0
2022-01-13,Subway,2524197.0
2022-01-12,Subway,2459224.0
2022-01-11,Subway,2266378.0
2022-01-10,Subway,2347323.0
2022-01-09,Subway,1102472.0
2022-01-08,Subway,1486065.0
2022-01-07,Subway,2121941.0
2022-01-06,Subway,2391176.0
2022-01-05,Subway,2267942.0
2022-01-04,Subway,2289352.0
2022-01-03,Subway,2168229.0
2022-01-02,Subway,1219735.0
2022-01-01,Subway,1027918.0
2021-12-31,Subway,1627589.0
2021-12-30,Subway,2198415.0
2021-12-29,Subway,2167077.0
2021-12-28,Subway,2168419.0
2021-12-27,Subway,2007649.0
2021-12-26,Subway,1284738.0
2021-12-25,Subway,810937.0
2021-12-24,Subway,1575449.0
2021-12-23,Subway,2486489.0
2021-12-22,Subway,2634565.0
2021-12-21,Subway,2697325.0
2021-12-20,Subway,2716451.0
2021-12-19,Subway,1579809.0
2021-12-18,Subway,1880969.0
2021-12-17,Subway,3112088.0
2021-12-16,Subway,3219799.0
2021-12-15,Subway,3242168.0
2021-12-14,Subway,3274170.0
2021-12-13,Subway,3120850.0
2021-12-12,Subway,1829872.0
2021-12-11,Subway,2266265.0
2021-12-10,Subway,3417451.0
2021-12-09,Subway,3433600.0
2021-12-08,Subway,3378727.0
2021-12-07,Subway,3367790.0
2021-12-06,Subway,3135869.0
2021-12-05,Subway,1737352.0
2021-12-04,Subway,2318147.0
2021-12-03,Subway,3374097.0
2021-12-02,Subway,3358843.0
2021-12-01,Subway,3326469.0
2021-11-30,Subway,3207209.0
2021-11-29,Subway,2996015.0
2021-11-28,Subway,1465745.0
2021-11-27,Subway,1880422.0
2021-11-26,Subway,2089772.0
2021-11-25,Subway,1357198.0
2021-11-24,Subway,3085289.0
2021-11-23,Subway,3286591.0
2021-11-22,Subway,3130363.0
2021-11-21,Subway,1674206.0
2021-11-20,Subway,2135731.0
2021-11-19,Subway,3316999.0
2021-11-18,Subway,3412249.0
2021-11-17,Subway,3369069.0
2021-11-16,Subway,3340844.0
2021-11-15,Subway,3110969.0
2021-11-14,Subway,1703136.0
2021-11-13,Subway,2169863.0
2021-11-12,Subway,3158682.0
2021-11-11,Subway,2922235.0
2021-11-10,Subway,3351992.0
2021-11-09,Subway,3279457.0
2021-11-08,Subway,3065533.0
2021-11-07,Subway,1888985.0
2021-11-06,Subway,2195864.0
2021-11-05,Subway,3293438.0
2021-11-04,Subway,3284315.0
2021-11-03,Subway,3293732.0
2021-11-02,Subway,2848222.0
2021-11-01,Subway,3034306.0
2021-10-31,Subway,1746769.0
2021-10-30,Subway,2044310.0
2021-10-29,Subway,3251779.0
2021-10-28,Subway,3365971.0
2021-10-27,Subway,3300580.0
2021-10-26,Subway,2702635.0
2021-10-25,Subway,2994936.0
2021-10-24,Subway,1599927.0
2021-10-23,Subway,2077488.0
2021-10-22,Subway,3225816.0
2021-10-21,Subway,3267697.0
2021-10-20,Subway,3234327.0
2021-10-19,Subway,3178208.0
2021-10-18,Subway,2982883.0
2021-10-17,Subway,1629991.0
2021-10-16,Subway,2042027.0
2021-10-15,Subway,3227068.0
2021-10-14,Subway,3240686.0
2021-10-13,Subway,3157457.0
2021-10-12,Subway,3102879.0
2021-10-11,Subway,2263615.0
2021-10-10,Subway,1499385.0
2021-10-09,Subway,2052699.0
2021-10-08,Subway,3168473.0
2021-10-07,Subway,3190747.0
2021-10-06,Subway,3140986.0
2021-10-05,Subway,3091160.0
2021-10-04,Subway,2864349.0
2021-10-03,Subway,1575738.0
2021-10-02,Subway,2063660.0
2021-10-01,Subway,3162881.0
2021-09-30,Subway,3146861.0
2021-09-29,Subway,3063720.0
2021-09-28,Subway,2927715.0
2021-09-27,Subway,2873368.0
2021-09-26,Subway,1614677.0
2021-09-25,Subway,2129492.0
2021-09-24,Subway,3121747.0
2021-09-23,Subway,3016106.0
2021-09-22,Subway,3021113.0
2021-09-21,Subway,3018312.0
2021-09-20,Subway,2883211.0
2021-09-19,Subway,1596823.0
2021-09-18,Subway,2014848.0
2021-09-17,Subway,3028545.0
2021-09-16,Subway,2534545.0
2021-09-15,Subway,2987334.0
2021-09-14,Subway,3011275.0
2021-09-13,Subway,2852796.0
2021-09-12,Subway,1589976.0
2021-09-11,Subway,1983091.0
2021-09-10,Subway,2840443.0
2021-09-09,Subway,2702713.0
2021-09-08,Subway,2529619.0
2021-09-07,Subway,2233674.0
2021-09-06,Subway,1521388.0
2021-09-05,Subway,1415352.0
2021-09-04,Subway,1777639.0
2021-09-03,Subway,2390392.0
2021-09-02,Subway,1661558.0
2021-09-01,Subway,2294448.0
2021-08-31,Subway,2532584.0
2021-08-30,Subway,2321000.0
2021-08-29,Subway,1398566.0
2021-08-28,Subway,1659434.0
2021-08-27,Subway,2388210.0
2021-08-26,Subway,2480137.0
2021-08-25,Subway,2498255.0
2021-08-24,Subway,2462365.0
2021-08-23,Subway,2052669.0
2021-08-22,Subway,745240.0
2021-08-21,Subway,1715030.0
2021-08-20,Subway,2456334.0
2021-08-19,Subway,2439624.0
2021-08-18,Subway,2445638.0
2021-08-17,Subway,2427611.0
2021-08-16,Subway,2287627.0
2021-08-15,Subway,1430620.0
2021-08-14,Subway,1718222.0
2021-08-13,Subway,2430102.0
2021-08-12,Subway,2448589.0
2021-08-11,Subway,2475949.0
2021-08-10,Subway,2442194.0
2021-08-09,Subway,2289434.0
2021-08-08,Subway,1333885.0
2021-08-07,Subway,1780458.0
2021-08-06,Subway,2519444.0
2021-08-05,Subway,2529190.0
2021-08-04,Subway,2529002.0
2021-08-03,Subway,2483802.0
2021-08-02,Subway,2333923.0
2021-08-01,Subway,1351294.0
2021-07-31,Subway,1841007.0
2021-07-30,Subway,2557677.0
2021-07-29,Subway,2428764.0
2021-07-28,Subway,2534756.0
2021-07-27,Subway,2487947.0
2021-07-26,Subway,2318455.0
2021-07-25,Subway,1364830.0
2021-07-24,Subway,1852402.0
2021-07-23,Subway,2552330.0
2021-07-22,Subway,2582151.0
2021-07-21,Subway,2504568.0
2021-07-20,Subway,2462002.0
2021-07-19,Subway,2327756.0
2021-07-18,Subway,1405344.0
2021-07-17,Subway,1717480.0
2021-07-16,Subway,2536569.0
2021-07-15,Subway,2581582.0
2021-07-14,Subway,2517615.0
2021-07-13,Subway,2457526.0
2021-07-12,Subway,2245412.0
2021-07-11,Subway,1365854.0
2021-07-10,Subway,1781717.0
2021-07-09,Subway,2318387.0
2021-07-08,Subway,2364250.0
2021-07-07,Subway,2437064.0
2021-07-06,Subway,2302002.0
2021-07-05,Subway,1495709.0
2021-07-04,Subway,1468510.0
2021-07-03,Subway,1541988.0
2021-07-02,Subway,2296044.0
2021-07-01,Subway,2292461.0
2021-06-30,Subway,2346388.0
2021-06-29,Subway,2343739.0
2021-06-28,Subway,2252362.0
2021-06-27,Subway,1559967.0
2021-06-26,Subway,1854179.0
2021-06-25,Subway,2582713.0
2021-06-24,Subway,2552639.0
2021-06-23,Subway,2547416.0
2021-06-22,Subway,2354873.0
2021-06-21,Subway,2264368.0
2021-06-20,Subway,1389352.0
2021-06-19,Subway,1784312.0
2021-06-18,Subway,2572013.0
2021-06-17,Subway,2552497.0
2021-06-16,Subway,2519444.0
2021-06-15,Subway,2469785.0
2021-06-14,Subway,2223186.0
2021-06-13,Subway,1379959.0
2021-06-12,Subway,1775538.0
2021-06-11,Subway,2468258.0
2021-06-10,Subway,2473818.0
2021-06-09,Subway,2386026.0
2021-06-08,Subway,2265591.0
2021-06-07,Subway,2223265.0
2021-06-06,Subway,1363344.0
2021-06-05,Subway,1792204.0
2021-06-04,Subway,2310032.0
2021-06-03,Subway,2233917.0
2021-06-02,Subway,2343745.0
2021-06-01,Subway,2258831.0
2021-05-31,Subway,1389651.0
2021-05-30,Subway,1065176.0
2021-05-29,Subway,1370135.0
2021-05-28,Subway,2232599.0
2021-05-27,Subway,2352019.0
2021-05-26,Subway,2275882.0
2021-05-25,Subway,2270945.0
2021-05-24,Subway,2118877.0
2021-05-23,Subway,1268928.0
2021-05-22,Subway,1645268.0
2021-05-21,Subway,2331876.0
2021-05-20,Subway,2269471.0
2021-05-19,Subway,2257549.0
2021-05-18,Subway,2150049.0
2021-05-17,Subway,2022584.0
2021-05-16,Subway,1201904.0
2021-05-15,Subway,1637231.0
2021-05-14,Subway,2266974.0
2021-05-13,Subway,2163052.0
2021-05-12,Subway,2182277.0
2021-05-11,Subway,2148322.0
2021-05-10,Subway,1990039.0
2021-05-09,Subway,1107878.0
2021-05-08,Subway,1444674.0
2021-05-07,Subway,2238033.0
2021-05-06,Subway,2199943.0
2021-05-05,Subway,2074543.0
2021-05-04,Subway,2120071.0
2021-05-03,Subway,1971010.0
2021-05-02,Subway,1153471.0
2021-05-01,Subway,1515211.0
2021-04-30,Subway,2159476.0
2021-04-29,Subway,2028524.0
2021-04-28,Subway,2135793.0
2021-04-27,Subway,2041698.0
2021-04-26,Subway,1955370.0
2021-04-25,Subway,985027.0
2021-04-24,Subway,1520057.0
2021-04-23,Subway,2121350.0
2021-04-22,Subway,2040232.0
2021-04-21,Subway,1965922.0
2021-04-20,Subway,2082495.0
2021-04-19,Subway,1911326.0
2021-04-18,Subway,1082503.0
2021-04-17,Subway,1425036.0
2021-04-16,Subway,2078856.0
2021-04-15,Subway,1906733.0
2021-04-14,Subway,2018126.0
2021-04-13,Subway,2012153.0
2021-04-12,Subway,1845836.0
2021-04-11,Subway,899646.0
2021-04-10,Subway,1391245.0
2021-04-09,Subway,2026724.0
2021-04-08,Subway,2013413.0
2021-04-07,Subway,1985370.0
2021-04-06,Subway,1942198.0
2021-04-05,Subway,1818703.0
2021-04-04,Subway,950194.0
2021-04-03,Subway,1318461.0
2021-04-02,Subway,1757698.0
2021-04-01,Subway,1841815.0
2021-03-31,Subway,1808546.0
2021-03-30,Subway,1881537.0
2021-03-29,Subway,1742162.0
2021-03-28,Subway,807247.0
2021-03-27,Subway,1374266.0
2021-03-26,Subway,1938246.0
2021-03-25,Subway,1925768.0
2021-03-24,Subway,1828084.0
2021-03-23,Subway,1879574.0
2021-03-22,Subway,1801438.0
2021-03-21,Subway,1013386.0
2021-03-20,Subway,1307403.0
2021-03-19,Subway,1906749.0
2021-03-18,Subway,1771092.0
2021-03-17,Subway,1866414.0
2021-03-16,Subway,1798288.0
2021-03-15,Subway,1730024.0
2021-03-14,Subway,923968.0
2021-03-13,Subway,1257372.0
2021-03-12,Subway,1914465.0
2021-03-11,Subway,1881902.0
2021-03-10,Subway,1849077.0
2021-03-09,Subway,1834068.0
2021-03-08,Subway,1719586.0
2021-03-07,Subway,894119.0
2021-03-06,Subway,1167884.0
2021-03-05,Subway,1825915.0
2021-03-04,Subway,1808744.0
2021-03-03,Subway,1846431.0
2021-03-02,Subway,1749511.0
2021-03-01,Subway,1696274.0
2021-02-28,Subway,810071.0
2021-02-27,Subway,1072932.0
2021-02-26,Subway,1822812.0
2021-02-25,Subway,1798165.0
2021-02-24,Subway,1806306.0
2021-02-23,Subway,1730198.0
2021-02-22,Subway,1582054.0
2021-02-21,Subway,836095.0
2021-02-20,Subway,1110589.0
2021-02-19,Subway,1566021.0
2021-02-18,Subway,1381886.0
2021-02-17,Subway,1733160.0
2021-02-16,Subway,1627528.0
2021-02-15,Subway,1218593.0
2021-02-14,Subway,858014.0
2021-02-13,Subway,1092063.0
2021-02-12,Subway,1706430.0
2021-02-11,Subway,1714656.0
2021-02-10,Subway,1750121.0
2021-02-09,Subway,1666467.0
2021-02-08,Subway,1639753.0
2021-02-07,Subway,652521.0
2021-02-06,Subway,1148477.0
2021-02-05,Subway,1741015.0
2021-02-04,Subway,1785833.0
2021-02-03,Subway,1702598.0
2021-02-02,Subway,1005985.0
2021-02-01,Subway,583230.0
2021-01-31,Subway,722853.0
2021-01-30,Subway,942615.0
2021-01-29,Subway,1511680.0
2021-01-28,Subway,1646806.0
2021-01-27,Subway,1660278.0
2021-01-26,Subway,1550953.0
2021-01-25,Subway,1592468.0
2021-01-24,Subway,741139.0
2021-01-23,Subway,997551.0
2021-01-22,Subway,1672001.0
2021-01-21,Subway,1652842.0
2021-01-20,Subway,1575075.0
2021-01-19,Subway,1635915.0
2021-01-18,Subway,1276978.0
2021-01-17,Subway,797654.0
2021-01-16,Subway,991500.0
2021-01-15,Subway,1627120.0
2021-01-14,Subway,1647396.0
2021-01-13,Subway,1641652.0
2021-01-12,Subway,1640428.0
2021-01-11,Subway,1568207.0
2021-01-10,Subway,763097.0
2021-01-09,Subway,990412.0
2021-01-08,Subway,1619242.0
2021-01-07,Subway,1611099.0
2021-01-06,Subway,1613629.0
2021-01-05,Subway,1597518.0
2021-01-04,Subway,1557977.0
2021-01-03,Subway,653187.0
2021-01-02,Subway,988418.0
2021-01-01,Subway,613692.0
2020-12-31,Subway,1274984.0
2020-12-30,Subway,1582486.0
2020-12-29,Subway,1555198.0
2020-12-28,Subway,1510168.0
2020-12-27,Subway,760350.0
2020-12-26,Subway,879170.0
2020-12-25,Subway,485208.0
2020-12-24,Subway,1312480.0
2020-12-23,Subway,1772537.0
2020-12-22,Subway,1760948.0
2020-12-21,Subway,1716035.0
2020-12-20,Subway,821265.0
2020-12-19,Subway,1112827.0
2020-12-18,Subway,1735664.0
2020-12-17,Subway,1079818.0
2020-12-16,Subway,1569079.0
2020-12-15,Subway,1783388.0
2020-12-14,Subway,1584089.0
2020-12-13,Subway,911439.0
2020-12-12,Subway,1091352.0
2020-12-11,Subway,1786290.0
2020-12-10,Subway,1761336.0
2020-12-09,Subway,1701926.0
2020-12-08,Subway,1540893.0
2020-12-07,Subway,1656627.0
2020-12-06,Subway,878393.0
2020-12-05,Subway,1000240.0
2020-12-04,Subway,1701628.0
2020-12-03,Subway,1736045.0
2020-12-02,Subway,1699968.0
2020-12-01,Subway,1706348.0
2020-11-30,Subway,1459131.0
2020-11-29,Subway,826974.0
2020-11-28,Subway,1032823.0
2020-11-27,Subway,1263473.0
2020-11-26,Subway,652276.0
2020-11-25,Subway,1688227.0
2020-11-24,Subway,1735702.0
2020-11-23,Subway,1646525.0
2020-11-22,Subway,817963.0
2020-11-21,Subway,1157957.0
2020-11-20,Subway,1800423.0
2020-11-19,Subway,1757535.0
2020-11-18,Subway,1787688.0
2020-11-17,Subway,1788847.0
2020-11-16,Subway,1741750.0
2020-11-15,Subway,820858.0
2020-11-14,Subway,1215477.0
2020-11-13,Subway,1816693.0
2020-11-12,Subway,1776666.0
2020-11-11,Subway,1614812.0
2020-11-10,Subway,1836902.0
2020-11-09,Subway,1752614.0
2020-11-08,Subway,927670.0
2020-11-07,Subway,1246321.0
2020-11-06,Subway,1837314.0
2020-11-05,Subway,1793796.0
2020-11-04,Subway,1690489.0
2020-11-03,Subway,1602912.0
2020-11-02,Subway,1747908.0
2020-11-01,Subway,786675.0
2020-10-31,Subway,1174059.0
2020-10-30,Subway,1768018.0
2020-10-29,Subway,1705072.0
2020-10-28,Subway,1819352.0
2020-10-27,Subway,1815242.0
2020-10-26,Subway,1690651.0
2020-10-25,Subway,885001.0
2020-10-24,Subway,1185612.0
2020-10-23,Subway,1842588.0
2020-10-22,Subway,1825208.0
2020-10-21,Subway,1812949.0
2020-10-20,Subway,1780231.0
2020-10-19,Subway,1719153.0
2020-10-18,Subway,896812.0
2020-10-17,Subway,1209473.0
2020-10-16,Subway,1671320.0
2020-10-15,Subway,1853753.0
2020-10-14,Subway,1838682.0
2020-10-13,Subway,1715183.0
2020-10-12,Subway,1284655.0
2020-10-11,Subway,848469.0
2020-10-10,Subway,1170227.0
2020-10-09,Subway,1808079.0
2020-10-08,Subway,1798005.0
2020-10-07,Subway,1770617.0
2020-10-06,Subway,1758454.0
2020-10-05,Subway,1678792.0
2020-10-04,Subway,852830.0
2020-10-03,Subway,1168040.0
2020-10-02,Subway,1790612.0
2020-10-01,Subway,1809958.0
2020-09-30,Subway,1740820.0
2020-09-29,Subway,1661264.0
2020-09-28,Subway,1489240.0
2020-09-27,Subway,846179.0
2020-09-26,Subway,1120143.0
2020-09-25,Subway,1761591.0
2020-09-24,Subway,1722364.0
2020-09-23,Subway,1735333.0
2020-09-22,Subway,1698504.0
2020-09-21,Subway,1624139.0
2020-09-20,Subway,827605.0
2020-09-19,Subway,1136947.0
2020-09-18,Subway,1725443.0
2020-09-17,Subway,1692368.0
2020-09-16,Subway,1686909.0
2020-09-15,Subway,1678078.0
2020-09-14,Subway,1604381.0
2020-09-13,Subway,796740.0
2020-09-12,Subway,1083698.0
2020-09-11,Subway,1690334.0
2020-09-10,Subway,1543662.0
2020-09-09,Subway,1610076.0
2020-09-08,Subway,1555816.0
2020-09-07,Subway,870964.0
2020-09-06,Subway,819409.0
2020-09-05,Subway,1013725.0
2020-09-04,Subway,1568385.0
2020-09-03,Subway,1529185.0
2020-09-02,Subway,1487969.0
2020-09-01,Subway,1469274.0
2020-08-31,Subway,1397264.0
2020-08-30,Subway,748061.0
2020-08-29,Subway,773667.0
2020-08-28,Subway,1388583.0
2020-08-27,Subway,1358272.0
2020-08-26,Subway,1407639.0
2020-08-25,Subway,1346490.0
2020-08-24,Subway,1307345.0
2020-08-23,Subway,671560.0
2020-08-22,Subway,882522.0
2020-08-21,Subway,1387463.0
2020-08-20,Subway,1410489.0
2020-08-19,Subway,1292148.0
2020-08-18,Subway,1369617.0
2020-08-17,Subway,1304485.0
2020-08-16,Subway,554451.0
2020-08-15,Subway,860789.0
2020-08-14,Subway,1355786.0
2020-08-13,Subway,1291277.0
2020-08-12,Subway,1298963.0
2020-08-11,Subway,1319814.0
2020-08-10,Subway,1275268.0
2020-08-09,Subway,662993.0
2020-08-08,Subway,833287.0
2020-08-07,Subway,1283894.0
2020-08-06,Subway,1334694.0
2020-08-05,Subway,1348202.0
2020-08-04,Subway,1027187.0
2020-08-03,Subway,1272996.0
2020-08-02,Subway,590060.0
2020-08-01,Subway,842468.0
2020-07-31,Subway,1258539.0
2020-07-30,Subway,1270172.0
2020-07-29,Subway,1296102.0
2020-07-28,Subway,1241770.0
2020-07-27,Subway,1203503.0
2020-07-26,Subway,606910.0
2020-07-25,Subway,816604.0
2020-07-24,Subway,1218138.0
2020-07-23,Subway,1233795.0
2020-07-22,Subway,1233668.0
2020-07-21,Subway,1241819.0
2020-07-20,Subway,1156735.0
2020-07-19,Subway,584994.0
2020-07-18,Subway,778936.0
2020-07-17,Subway,1207265.0
2020-07-16,Subway,1249128.0
2020-07-15,Subway,1248413.0
2020-07-14,Subway,1241080.0
2020-07-13,Subway,1175700.0
2020-07-12,Subway,628187.0
2020-07-11,Subway,692977.0
2020-07-10,Subway,1030632.0
2020-07-09,Subway,1211280.0
2020-07-08,Subway,1172279.0
2020-07-07,Subway,1157185.0
2020-07-06,Subway,1084956.0
2020-07-05,Subway,533692.0
2020-07-04,Subway,591605.0
2020-07-03,Subway,851877.0
2020-07-02,Subway,1170483.0
2020-07-01,Subway,1120537.0
2020-06-30,Subway,1113124.0
2020-06-29,Subway,1100769.0
2020-06-28,Subway,535898.0
2020-06-27,Subway,615398.0
2020-06-26,Subway,1102382.0
2020-06-25,Subway,1078796.0
2020-06-24,Subway,1068333.0
2020-06-23,Subway,1050786.0
2020-06-22,Subway,1000046.0
2020-06-21,Subway,449497.0
2020-06-20,Subway,576075.0
2020-06-19,Subway,986929.0
2020-06-18,Subway,942382.0
2020-06-17,Subway,948461.0
2020-06-16,Subway,932671.0
2020-06-15,Subway,897112.0
2020-06-14,Subway,430439.0
2020-06-13,Subway,545316.0
2020-06-12,Subway,896658.0
2020-06-11,Subway,818297.0
2020-06-10,Subway,857015.0
2020-06-09,Subway,842306.0
2020-06-08,Subway,804542.0
2020-06-07,Subway,377990.0
2020-06-06,Subway,464198.0
2020-06-05,Subway,703576.0
2020-06-04,Subway,726672.0
2020-06-03,Subway,681714.0
2020-06-02,Subway,693760.0
2020-06-01,Subway,687162.0
2020-05-31,Subway,344426.0
2020-05-30,Subway,426737.0
2020-05-29,Subway,657259.0
2020-05-28,Subway,658057.0
2020-05-27,Subway,674465.0
2020-05-26,Subway,656766.0
2020-05-25,Subway,393918.0
2020-05-24,Subway,320015.0
2020-05-23,Subway,335830.0
2020-05-22,Subway,633883.0
2020-05-21,Subway,629298.0
2020-05-20,Subway,623749.0
2020-05-19,Subway,610884.0
2020-05-18,Subway,595469.0
2020-05-17,Subway,287418.0
2020-05-16,Subway,360844.0
2020-05-15,Subway,587808.0
2020-05-14,Subway,567392.0
2020-05-13,Subway,565377.0
2020-05-12,Subway,553372.0
2020-05-11,Subway,520873.0
2020-05-10,Subway,271947.0
2020-05-09,Subway,316883.0
2020-05-08,Subway,526054.0
2020-05-07,Subway,535073.0
2020-05-06,Subway,508824.0
2020-05-05,Subway,522085.0
2020-05-04,Subway,511866.0
2020-05-03,Subway,258865.0
2020-05-02,Subway,325865.0
2020-05-01,Subway,494549.0
2020-04-30,Subway,465869.0
2020-04-29,Subway,477799.0
2020-04-28,Subway,489247.0
2020-04-27,Subway,462888.0
2020-04-26,Subway,218787.0
2020-04-25,Subway,295387.0
2020-04-24,Subway,443956.0
2020-04-23,Subway,453520.0
2020-04-22,Subway,458781.0
2020-04-21,Subway,422107.0
2020-04-20,Subway,437852.0
2020-04-19,Subway,224411.0
2020-04-18,Subway,254453.0
2020-04-17,Subway,432368.0
2020-04-16,Subway,420223.0
2020-04-15,Subway,419059.0
2020-04-14,Subway,430155.0
2020-04-13,Subway,363312.0
2020-04-12,Subway,198399.0
2020-04-11,Subway,257061.0
2020-04-10,Subway,400275.0
2020-04-09,Subway,404635.0
2020-04-08,Subway,427485.0
2020-04-07,Subway,434986.0
2020-04-06,Subway,445454.0
2020-04-05,Subway,227303.0
2020-04-04,Subway,282278.0
2020-04-03,Subway,483357.0
2020-04-02,Subway,485586.0
2020-04-01,Subway,513481.0
2020-03-31,Subway,508106.0
2020-03-30,Subway,545215.0
2020-03-29,Subway,263700.0
2020-03-28,Subway,332393.0
2020-03-27,Subway,656817.0
2020-03-26,Subway,680360.0
2020-03-25,Subway,690032.0
2020-03-24,Subway,741587.0
2020-03-23,Subway,709499.0
2020-03-22,Subway,408723.0
2020-03-21,Subway,619618.0
2020-03-20,Subway,1309125.0
2020-03-19,Subway,1422112.0
2020-03-18,Subway,1625280.0
2020-03-17,Subway,1788786.0
2020-03-16,Subway,2178555.0
2020-03-15,Subway,1157711.0
2020-03-14,Subway,1670665.0
2020-03-13,Subway,3484996.0
2020-03-12,Subway,4149505.0
2020-03-11,Subway,4697122.0
2020-03-10,Subway,4867818.0
2020-03-09,Subway,4973513.0
2020-03-08,Subway,2120656.0
2020-03-07,Subway,2814637.0
2020-03-06,Subway,5189447.0
2020-03-05,Subway,5496453.0
2020-03-04,Subway,5498809.0
2020-03-03,Subway,5481103.0
2020-03-02,Subway,5329915.0
2020-03-01,Subway,2212965.0
